d[,då
f[,få
g[,gå
l[,lå
m[,må
n[,nå
p[,på
r[,rå
s[,så
t[,tå
[d,åd
[g,åg
[h,åh
[l,ål
[r,år
[s,ås
bl[,blå
b[d,båd
b[l,bål
b[s,bås
b[t,båt
d[b,dåb
d[d,dåd
d[n,dån
fl[,flå
f[r,får
f[s,fås
gr[,grå
g[r,går
g[s,gås
h[b,håb
h[n,hån
h[r,hår
k[d,kåd
k[g,kåg
k[l,kål
k[r,kår
l[g,låg
l[n,lån
l[r,lår
l[s,lås
m[l,mål
m[r,mår
m[s,mås
m[t,måt
n[d,nåd
n[h,nåh
n[l,nål
n[r,når
n[s,nås
r[b,råb
r[d,råd
r[t,råt
sl[,slå
sm[,små
sp[,spå
s[h,såh
s[l,sål
s[r,sår
s[s,sås
s[t,såt
t[l,tål
t[r,tår
t[s,tås
u[r,uår
vr[,vrå
v[d,våd
v[r,vår
v[s,vås
[en,åen
[gs,ågs
[le,åle
[nd,ånd
[re,åre
[rh,årh
[se,åse
afg[,afgå
afs[,afså
ang[,angå
ans[,anså
beg[,begå
bel[,belå
bes[,beså
bl[r,blår
bl[t,blåt
b[de,både
b[ke,båke
b[nd,bånd
b[re,båre
b[se,båse
d[en,dåen
d[er,dåer
d[ne,dåne
d[re,dåre
d[se,dåse
fl[d,flåd
fl[r,flår
fl[t,flåt
fr[s,frås
f[et,fået
gr[d,gråd
gr[t,gråt
g[de,gåde
g[et,gået
g[rd,gård
h[be,håbe
h[nd,hånd
h[ne,håne
h[nt,hånt
h[rd,hård
h[re,håre
jas[,jaså
kr[l,krål
k[be,kåbe
k[de,kåde
k[dt,kådt
k[ge,kåge
k[re,kåre
l[ge,låge
l[ne,låne
l[nt,lånt
l[se,låse
l[st,låst
m[be,måbe
m[de,måde
m[ge,måge
m[le,måle
m[lt,målt
m[ne,måne
m[se,måse
n[de,nåde
n[et,nået
n[le,nåle
ogs[,også
omg[,omgå
opn[,opnå
op[d,opåd
pr[s,prås
p[g[,pågå
p[l[,pålå
p[se,påse
p[sy,påsy
p[s[,påså
r[be,råbe
r[bt,råbt
r[de,råde
r[ds,råds
r[en,råen
r[er,råer
r[ge,råge
skr[,skrå
sk[l,skål
sk[r,skår
sl[r,slår
sl[s,slås
sm[t,småt
sm[ø,småø
sp[n,spån
sp[r,spår
str[,strå
st[l,stål
st[r,står
s[et,sået
s[gu,sågu
s[re,såre
ti[r,tiår
tr[d,tråd
t[be,tåbe
t[en,tåen
t[ge,tåge
t[le,tåle
t[ls,tåls
t[lt,tålt
t[re,tåre
t[rn,tårn
ub[d,ubåd
udg[,udgå
uds[,udså
ud[d,udåd
ur[d,uråd
vr[l,vrål
v[de,våde
v[dt,vådt
v[ge,våge
v[nd,vånd
v[re,våre
v[se,våse
[ben,åben
[bne,åbne
[dal,ådal
[dre,ådre
[ger,åger
[get,åget
[gre,ågre
[len,ålen
[ler,åler
[let,ålet
[løb,åløb
[nde,ånde
[ren,åren
[rer,årer
[ret,året
[rle,årle
[rti,årti
[sen,åsen
[syn,åsyn
afg[r,afgår
afsl[,afslå
afst[,afstå
alts[,altså
ang[r,angår
anr[b,anråb
ansl[,anslå
anst[,anstå
attr[,attrå
bagp[,bagpå
beg[r,begår
besl[,beslå
best[,bestå
bes[r,besår
bist[,bistå
bl[ne,blåne
byr[d,byråd
b[den,båden
b[der,båder
b[des,bådes
b[det,bådet
b[ken,båken
b[ker,båker
b[let,bålet
b[nde,bånde
b[ren,båren
b[rer,bårer
b[ret,båret
b[rne,bårne
b[sen,båsen
b[ser,båser
b[set,båset
b[tte,båtte
derp[,derpå
dr[be,dråbe
d[ben,dåben
d[den,dåden
d[dyr,dådyr
d[kid,dåkid
d[lam,dålam
d[ner,dåner
d[net,dånet
d[ren,dåren
d[rer,dårer
d[ret,dåret
d[sen,dåsen
d[ser,dåser
etm[l,etmål
et[rs,etårs
feh[r,fehår
fem[r,femår
fl[de,flåde
fl[et,flået
forg[,forgå
form[,formå
forp[,forpå
forr[,forrå
fors[,forså
for[d,foråd
for[r,forår
frag[,fragå
fr[de,fråde
fr[ds,fråds
fr[se,fråse
fyr[b,fyråb
fæh[r,fæhår
f[ret,fåret
f[tal,fåtal
gens[,genså
gr[ne,gråne
g[ben,gåben
g[den,gåden
g[der,gåder
g[læg,gålæg
g[rde,gårde
g[sen,gåsen
g[set,gåset
g[tid,gåtid
g[tur,gåtur
hav[l,havål
hel[r,helår
heng[,hengå
henl[,henlå
hens[,henså
herp[,herpå
h[ber,håber
h[bet,håbet
h[nde,hånde
h[nen,hånen
h[ner,håner
h[net,hånet
h[nle,hånle
h[nlo,hånlo
h[nsk,hånsk
h[rde,hårde
h[rdt,hårdt
h[rer,hårer
h[ret,håret
indg[,indgå
inds[,indså
isbl[,isblå
isb[d,isbåd
kr[se,kråse
k[ben,kåben
k[ber,kåber
k[gen,kågen
k[len,kålen
k[rde,kårde
k[rer,kårer
k[ret,kåret
k[rne,kårne
lys[r,lysår
l[dne,lådne
l[gen,lågen
l[ger,låger
l[get,låget
l[ner,låner
l[net,lånet
l[nte,lånte
l[ret,låret
l[sen,låsen
l[ser,låser
l[ste,låste
medg[,medgå
modg[,modgå
m[ber,måber
m[bet,måbet
m[den,måden
m[der,måder
m[gen,mågen
m[ger,måger
m[ler,måler
m[let,målet
m[lte,målte
m[ned,måned
m[ner,måner
m[ren,måren
m[rer,mårer
m[sen,måsen
m[ske,måske
m[tte,måtte
ni[rs,niårs
nyt[r,nytår
nærp[,nærpå
n[den,nåden
n[dig,nådig
n[dle,nådle
n[ede,nåede
n[len,nålen
omg[r,omgår
omg[s,omgås
opn[r,opnår
opr[b,opråb
opsl[,opslå
opst[,opstå
pr[se,pråse
p[bud,påbud
p[bød,påbød
p[gik,pågik
p[g[r,pågår
p[hit,påhit
p[hør,påhør
p[kom,påkom
p[læg,pålæg
p[løb,påløb
p[sat,påsat
p[ser,påser
p[set,påset
p[ske,påske
p[st[,påstå
p[syn,påsyn
p[syr,påsyr
p[syt,påsyt
p[tog,påtog
p[t[r,påtår
rads[,radså
rob[d,robåd
r[ber,råber
r[bet,råbet
r[bte,råbte
r[buk,råbuk
r[der,råder
r[det,rådet
r[dig,rådig
r[dne,rådne
r[dyr,rådyr
r[gen,rågen
r[ger,råger
r[hed,råhed
r[hus,råhus
r[kid,råkid
r[lam,rålam
r[nok,rånok
r[træ,råtræ
r[uld,råuld
skr[l,skrål
skr[r,skrår
skr[s,skrås
skr[t,skråt
sk[le,skåle
sl[en,slåen
sl[er,slåer
sl[et,slået
sm[le,småle
sm[lo,smålo
sol[r,solår
sp[et,spået
st[bi,ståbi
st[et,stået
sydp[,sydpå
syn[l,synål
s[dan,sådan
s[ede,såede
s[gar,sågar
s[len,sålen
s[ler,såler
s[pas,såpas
s[rer,sårer
s[ret,såret
s[som,såsom
s[sæd,såsæd
s[ten,såten
s[ter,såter
s[vel,såvel
tilg[,tilgå
tils[,tilså
ti[rs,tiårs
to[rs,toårs
tr[de,tråde
tr[dt,trådt
t[ben,tåben
t[ber,tåber
t[gen,tågen
t[ger,tåger
t[get,tåget
t[led,tåled
t[ler,tåler
t[lte,tålte
t[løs,tåløs
t[ren,tåren
t[rer,tårer
t[rne,tårne
ub[de,ubåde
udg[r,udgår
udl[n,udlån
udr[b,udråb
udst[,udstå
undg[,undgå
unds[,undså
un[de,unåde
u[ret,uåret
vedg[,vedgå
vr[en,vråen
vr[er,vråer
vr[le,vråle
v[ben,våben
v[den,våden
v[der,våder
v[dte,vådte
v[gen,vågen
v[ger,våger
v[get,våget
v[gne,vågne
v[nde,vånde
v[ren,våren
v[rer,vårer
v[ret,våret
v[ser,våser
v[set,våset
østp[,østpå
[bent,åbent
[bner,åbner
[bnet,åbnet
[bred,åbred
[dale,ådale
[drer,ådrer
[dret,ådret
[dsel,ådsel
[erne,åerne
[gene,ågene
[grer,ågrer
[gret,ågret
[lede,ålede
[lene,ålene
[nden,ånden
[nder,ånder
[ndet,åndet
[ndig,åndig
[rbog,årbog
[rede,årede
[rene,årene
[rige,årige
[ring,åring
[rlig,årlig
[rsag,årsag
[rsko,årsko
[sene,åsene
[sted,åsted
afg[et,afgået
afh[re,afhåre
afl[se,aflåse
afl[st,aflåst
afm[le,afmåle
afm[lt,afmålt
afsl[r,afslår
afst[r,afstår
ang[et,angået
anr[be,anråbe
anr[bt,anråbt
ansl[r,anslår
anst[r,anstår
asg[rd,asgård
attr[r,attrår
bagl[s,baglås
bed[re,bedåre
beg[et,begået
bel[ne,belåne
bel[nt,belånt
benl[s,benlås
ben[de,benåde
ber[be,beråbe
ber[bt,beråbt
ber[de,beråde
ber[dt,berådt
besl[r,beslår
best[r,består
bes[et,besået
bids[r,bidsår
bill[n,billån
bim[ne,bimåne
bist[r,bistår
biv[ne,bivåne
blygr[,blygrå
bl[bog,blåbog
bl[bær,blåbær
bl[gr[,blågrå
bl[gr[,blågrå
bl[gul,blågul
bl[haj,blåhaj
bl[hat,blåhat
bl[ler,blåler
bl[lig,blålig
bl[lys,blålys
bl[ner,blåner
bl[net,blånet
bl[ret,blåret
bl[ræv,blåræv
bl[rød,blårød
bl[sur,blåsur
bl[søm,blåsøm
bl[top,blåtop
bl[træ,blåtræ
bl[øje,blåøje
bokm[l,bokmål
bortg[,bortgå
borts[,bortså
bramr[,bramrå
breds[,bredså
buhr[b,buhråb
b[ddæk,båddæk
b[dede,bådede
b[dene,bådene
b[lene,bålene
b[nder,bånder
b[ndet,båndet
b[sede,båsede
b[sene,båsene
b[tter,båtter
b[ttet,båttet
delm[l,delmål
dr[ben,dråben
dr[ber,dråber
duebl[,dueblå
dugv[d,dugvåd
dybbl[,dybblå
dækh[r,dækhår
døds[r,dødsår
dørl[s,dørlås
d[bene,dåbene
d[dløs,dådløs
d[drig,dådrig
d[erne,dåerne
d[hind,dåhind
d[kalv,dåkalv
d[nede,dånede
d[rede,dårede
d[rlig,dårlig
d[seøl,dåseøl
en[rig,enårig
et[rig,etårig
fagr[d,fagråd
fem[rs,femårs
fir[rs,firårs
fjor[r,fjorår
fl[den,flåden
fl[der,flåder
fl[det,flådet
fl[ede,flåede
fl[ten,flåten
fl[ter,flåter
fods[l,fodsål
foreg[,foregå
forel[,forelå
forg[r,forgår
forh[r,forhår
form[l,formål
form[r,formår
forr[d,forråd
forr[r,forrår
forsl[,forslå
forsm[,forsmå
forst[,forstå
frag[r,fragår
fremg[,fremgå
frøl[r,frølår
fr[den,fråden
fr[der,fråder
fr[det,frådet
fr[dse,frådse
fr[ser,fråser
fr[set,fråset
føde[r,fødeår
f[borg,fåborg
f[mælt,fåmælt
f[rede,fårede
f[rene,fårene
ger[de,geråde
glas[l,glasål
gr[and,gråand
gr[bl[,gråblå
gr[bl[,gråblå
gr[den,gråden
gr[dig,grådig
gr[dyb,grådyb
gr[gul,grågul
gr[gæs,grågæs
gr[g[s,grågås
gr[g[s,grågås
gr[lig,grålig
gr[lys,grålys
gr[ner,gråner
gr[net,grånet
gr[pil,gråpil
gr[ris,gråris
gr[rød,grårød
gr[sej,gråsej
gr[sæl,gråsæl
guden[,gudenå
g[ende,gående
g[felt,gåfelt
g[gade,gågade
g[mand,gåmand
g[mænd,gåmænd
g[rden,gården
g[sede,gåsede
g[sens,gåsens
g[stol,gåstol
g[ture,gåture
halvr[,halvrå
halv[r,halvår
havbl[,havblå
hel[rs,helårs
heng[r,hengår
henst[,henstå
husb[d,husbåd
husm[r,husmår
husr[d,husråd
hvorp[,hvorpå
høst[r,høstår
h[bede,håbede
h[bene,håbene
h[bløs,håbløs
h[nden,hånden
h[nede,hånede
h[nler,hånler
h[nlig,hånlig
h[nske,hånske
h[rede,hårede
h[rene,hårene
h[rfin,hårfin
h[ring,håring
h[rkar,hårkar
h[rkur,hårkur
h[rlag,hårlag
h[rlak,hårlak
h[rlok,hårlok
h[rløs,hårløs
h[rnet,hårnet
h[rn[l,hårnål
h[rn[l,hårnål
h[rrod,hårrod
h[rrør,hårrør
h[rsæk,hårsæk
h[rtab,hårtab
h[rtop,hårtop
h[rtot,hårtot
h[vard,håvard
ildd[b,ilddåb
indg[r,indgår
indl[n,indlån
indsl[,indslå
isbl[t,isblåt
isb[de,isbåde
konge[,kongeå
kopm[l,kopmål
kr[sen,kråsen
kr[ser,kråser
kul[re,kulåre
købsl[,købslå
kødn[l,kødnål
køds[r,kødsår
kølb[d,kølbåd
k[dhed,kådhed
k[gene,kågene
k[lene,kålene
k[lorm,kålorm
k[lroe,kålroe
k[rden,kården
k[rder,kårder
k[rede,kårede
k[ring,kåring
lamsl[,lamslå
lavm[l,lavmål
leve[r,leveår
ligb[l,ligbål
liges[,ligeså
livb[d,livbåd
lynl[s,lynlås
lysbl[,lysblå
lære[r,læreår
l[dden,lådden
l[gene,lågene
l[gfad,lågfad
l[nene,lånene
l[nere,lånere
l[rben,lårben
l[rene,lårene
l[ring,låring
l[rtyk,lårtyk
l[sene,låsene
mand[r,mandår
medg[r,medgår
midtp[,midtpå
misd[d,misdåd
mixl[n,mixlån
modg[r,modgår
modst[,modstå
mølle[,mølleå
m[bede,måbede
m[geæg,mågeæg
m[lbar,målbar
m[lene,målene
m[lere,målere
m[ling,måling
m[lløs,målløs
m[lsat,målsat
m[ltid,måltid
m[ne[r,måneår
m[ne[r,måneår
m[rh[r,mårhår
m[rh[r,mårhår
m[rten,mårten
m[sene,måsene
m[tten,måtten
m[tter,måtter
m[ttet,måttet
nedsl[,nedslå
ni[rig,niårig
nordp[,nordpå
notb[d,notbåd
nym[ne,nymåne
nødd[b,nøddåb
nødr[b,nødråb
n[dden,nådden
n[dder,nådder
n[dige,nådige
n[digt,nådigt
n[dler,nådler
n[dlet,nådlet
n[lene,nålene
omg[et,omgået
omr[de,område
opm[le,opmåle
opm[lt,opmålt
opn[et,opnået
opr[be,opråbe
opr[bt,opråbt
opsl[r,opslår
opst[r,opstår
ovenp[,ovenpå
overg[,overgå
overs[,overså
pr[sen,pråsen
purh[r,purhår
p[anke,påanke
p[budt,påbudt
p[byde,påbyde
p[drog,pådrog
p[dømt,pådømt
p[fugl,påfugl
p[fund,påfund
p[føre,påføre
p[ført,påført
p[greb,pågreb
p[g[et,pågået
p[g[et,pågået
p[hæng,påhæng
p[høre,påhøre
p[hørt,påhørt
p[krav,påkrav
p[kære,påkære
p[køre,påkøre
p[kørt,påkørt
p[lagt,pålagt
p[løbe,påløbe
p[nøde,pånøde
p[nødt,pånødt
p[pege,påpege
p[sken,påsken
p[skud,påskud
p[stod,påstod
p[st[r,påstår
p[st[r,påstår
p[syde,påsyde
p[syet,påsyet
p[tage,påtage
p[tale,påtale
p[talt,påtalt
p[traf,påtraf
p[tryk,påtryk
p[vise,påvise
p[vist,påvist
rads[r,radsår
ratl[s,ratlås
ritr[d,ritråd
rob[de,robåde
rumm[l,rummål
rødk[l,rødkål
r[bene,råbene
r[bere,råbere
r[b[nd,råbånd
r[b[nd,råbånd
r[dden,rådden
r[ddet,råddet
r[dede,rådede
r[dene,rådene
r[dgav,rådgav
r[dhus,rådhus
r[dige,rådige
r[digt,rådigt
r[dløs,rådløs
r[dner,rådner
r[dnet,rådnet
r[dsl[,rådslå
r[dsl[,rådslå
r[emne,råemne
r[erne,råerne
r[film,råfilm
r[glas,råglas
r[huse,råhuse
r[hvid,råhvid
r[jern,råjern
r[jord,råjord
r[kalv,råkalv
r[kold,råkold
r[kost,råkost
r[krem,råkrem
r[mælk,råmælk
r[olie,råolie
r[saft,råsaft
r[sejl,råsejl
r[stof,råstof
r[vare,råvare
samr[d,samråd
skos[l,skosål
skr[en,skråen
skr[er,skråer
skr[et,skrået
skr[le,skråle
skr[ne,skråne
skud[r,skudår
sk[len,skålen
sk[ler,skåler
sk[let,skålet
sk[ner,skåner
sk[net,skånet
sk[nsk,skånsk
sk[ret,skåret
sl[ere,slåere
sm[dyr,smådyr
sm[fed,småfed
sm[kød,småkød
sm[ler,småler
sm[lig,smålig
sm[ord,småord
sm[øen,småøen
sm[øer,småøer
sp[dom,spådom
sp[ede,spåede
sp[nen,spånen
sp[ner,spåner
stort[,stortå
str[et,strået
str[le,stråle
st[fod,ståfod
st[hej,ståhej
st[let,stålet
st[pik,ståpik
surk[l,surkål
sus[en,susåen
syn[le,synåle
sytr[d,sytråd
syv[rs,syvårs
sætm[l,sætmål
søg[rd,søgård
s[dant,sådant
s[korn,såkorn
s[mænd,såmænd
s[ning,såning
s[rbar,sårbar
s[rede,sårede
s[rene,sårene
tamg[s,tamgås
ted[se,tedåse
tilg[r,tilgår
tilr[b,tilråb
tilst[,tilstå
tils[r,tilsår
ti[ret,tiåret
ti[rig,tiårig
topm[l,topmål
to[rig,toårig
tre[rs,treårs
tr[den,tråden
tr[der,tråder
tr[det,trådet
tr[dte,trådte
t[gede,tågede
t[lmod,tålmod
t[lsom,tålsom
t[løse,tåløse
t[løst,tåløst
t[negl,tånegl
t[næse,tånæse
t[rnby,tårnby
t[rner,tårner
t[rnet,tårnet
t[rnur,tårnur
ub[den,ubåden
udenp[,udenpå
udest[,udestå
udfl[d,udflåd
udg[et,udgået
udg[rd,udgård
udk[re,udkåre
udl[ne,udlåne
udl[nt,udlånt
udm[le,udmåle
udm[lt,udmålt
udr[be,udråbe
udr[bt,udråbt
udst[r,udstår
ud[den,udåden
ud[nde,udånde
uldh[r,uldhår
undg[r,undgår
undsl[,undslå
un[den,unåden
un[dig,unådig
urt[ge,urtåge
u[bnet,uåbnet
u[rene,uårene
vedg[r,vedgår
vedst[,vedstå
vestp[,vestpå
vilk[r,vilkår
vin[nd,vinånd
vr[ler,vråler
vr[let,vrålet
v[bner,våbner
v[bnet,våbnet
v[drum,vådrum
v[dter,vådter
v[dtet,vådtet
v[gede,vågede
v[gent,vågent
v[gner,vågner
v[gnet,vågnet
v[nden,vånden
v[nder,vånder
v[ndet,våndet
v[ning,våning
v[rbyg,vårbyg
v[rdag,vårdag
v[rede,vårede
v[rene,vårene
v[rlig,vårlig
v[rsæd,vårsæd
v[sede,våsede
v[seri,våseri
ægst[l,ægstål
øjel[g,øjelåg
øjem[l,øjemål
øld[se,øldåse
[benr[,åbenrå
[benr[,åbenrå
[bjørn,åbjørn
[bnede,åbnede
[bnere,åbnere
[bning,åbning
[brink,åbrink
[bybro,åbybro
[dalen,ådalen
[drede,ådrede
[dring,ådring
[dsler,ådsler
[dslet,ådslet
[geren,ågeren
[grede,ågrede
[kande,åkande
[lborg,ålborg
[løbet,åløbet
[ndbar,åndbar
[ndede,åndede
[ndige,åndige
[ndigt,åndigt
[nding,ånding
[ndløs,åndløs
[ndrig,åndrig
[relod,årelod
[rem[l,åremål
[rem[l,åremål
[rerne,årerne
[retag,åretag
[revis,årevis
[rgang,årgang
[rlige,årlige
[rligt,årligt
[rring,årring
[rsdag,årsdag
[rsløn,årsløn
[rstal,årstal
[rstid,årstid
[rsvis,årsvis
[rtier,årtier
[rtiet,årtiet
[synet,åsynet
afb[ret,afbåret
afh[rer,afhårer
afh[ret,afhåret
afl[ser,aflåser
afl[ste,aflåste
afm[ler,afmåler
afm[lte,afmålte
afroh[r,afrohår
afsl[et,afslået
afst[et,afstået
aftr[dt,aftrådt
agerk[l,agerkål
alfeh[r,alfehår
amtsr[d,amtsråd
anr[ber,anråber
anr[bet,anråbet
anr[bte,anråbte
ansl[et,anslået
anst[et,anstået
armb[nd,armbånd
askegr[,askegrå
attr[en,attråen
attr[et,attrået
azurbl[,azurblå
bagg[rd,baggård
bagh[nd,baghånd
banes[r,banesår
bankl[n,banklån
barne[r,barneår
bed[rer,bedårer
bed[ret,bedåret
begtr[d,begtråd
beh[ret,behåret
bel[ner,belåner
bel[nte,belånte
benh[rd,benhård
ben[der,benåder
ben[det,benådet
ber[ber,beråber
ber[bte,beråbte
ber[der,beråder
ber[dte,berådte
besl[et,beslået
best[en,beståen
best[et,bestået
bes[ede,besåede
betr[dt,betrådt
be[ndet,beåndet
bim[nen,bimånen
bim[ner,bimåner
binds[l,bindsål
bist[et,bistået
biv[ner,bivåner
biv[net,bivånet
blank[l,blankål
blegbl[,blegblå
bleggr[,bleggrå
blod[re,blodåre
blomk[l,blomkål
blyb[nd,blybånd
blygr[t,blygråt
bl[alge,blåalge
bl[grøn,blågrøn
bl[gr[t,blågråt
bl[gr[t,blågråt
bl[gule,blågule
bl[gult,blågult
bl[hals,blåhals
bl[hval,blåhval
bl[hvid,blåhvid
bl[lige,blålige
bl[ligt,blåligt
bl[nede,blånede
bl[pude,blåpude
bl[regn,blåregn
bl[rene,blårene
bl[ræve,blåræve
bl[røde,blårøde
bl[rødt,blårødt
bl[sort,blåsort
bl[stak,blåstak
bl[sten,blåsten
bl[sure,blåsure
bl[surt,blåsurt
bl[syre,blåsyre
bl[tryk,blåtryk
bl[vand,blåvand
bl[øjen,blåøjen
bl[øjer,blåøjer
bl[øjet,blåøjet
bolle-[,bolle-å
bortg[r,bortgår
bramg[s,bramgås
breds[r,bredsår
brunk[l,brunkål
byr[det,byrådet
byv[ben,byvåben
børne[r,børneår
b[debro,bådebro
b[dehus,bådehus
b[dejer,bådejer
b[delav,bådelav
b[dfart,bådfart
b[dfolk,bådfolk
b[drute,bådrute
b[dskat,bådskat
b[dtype,bådtype
b[kerne,båkerne
b[lfærd,bålfærd
b[ltale,båltale
b[ndede,båndede
b[ndene,båndene
b[ndm[l,båndmål
b[ndm[l,båndmål
b[ndsav,båndsav
b[ndsus,båndsus
b[ndvæv,båndvæv
b[rerne,bårerne
b[thorn,båthorn
b[ttede,båttede
b[ttene,båttene
cyanbl[,cyanblå
drivv[d,drivvåd
drukm[s,drukmås
duebl[t,dueblåt
dugv[de,dugvåde
dugv[dt,dugvådt
dybbl[t,dybblåt
dynev[r,dynevår
dyngv[d,dyngvåd
dæksb[d,dæksbåd
dødh[rd,dødhård
dørl[se,dørlåse
d[bsdag,dåbsdag
d[bsfad,dåbsfad
d[dfuld,dådfuld
d[dløse,dådløse
d[dløst,dådløst
d[drige,dådrige
d[drigt,dådrigt
d[dyret,dådyret
d[hjort,dåhjort
d[kalve,dåkalve
d[nelse,dånelse
d[nende,dånende
d[redes,dåredes
d[rende,dårende
d[rerne,dårerne
d[rlige,dårlige
d[rligt,dårligt
d[rskab,dårskab
d[semad,dåsemad
d[serne,dåserne
d[strup,dåstrup
d[vildt,dåvildt
efterp[,efterpå
efters[,efterså
efter[r,efterår
elevr[d,elevråd
elm[ler,elmåler
elve[rs,elveårs
enb[ren,enbåren
enb[rne,enbårne
endem[l,endemål
endogs[,endogså
en[rige,enårige
en[ring,enåring
etm[let,etmålet
et[rige,etårige
et[rigt,etårigt
fastsl[,fastslå
favnm[l,favnmål
feh[ret,fehåret
feltr[b,feltråb
fem[ret,femåret
fem[rig,femårig
ferie[r,ferieår
filsp[n,filspån
filth[r,filthår
filts[l,filtsål
fire[rs,fireårs
firs[rs,firsårs
fir[rig,firårig
fjeld[s,fjeldås
flexl[n,flexlån
flodb[d,flodbåd
fl[ddet,flåddet
fl[dede,flådede
fl[ning,flåning
forbig[,forbigå
forbis[,forbiså
foreg[r,foregår
foresl[,foreslå
forest[,forestå
forg[et,forgået
forg[rd,forgård
forg[rs,forgårs
forh[nd,forhånd
forh[ne,forhåne
form[en,formåen
form[et,formået
forr[de,forråde
forr[dt,forrådt
forr[et,forrået
forsl[r,forslår
forsm[r,forsmår
forst[r,forstår
fors[le,forsåle
fort[ge,fortåge
foruds[,forudså
for[ret,foråret
frag[et,fragået
frar[de,fraråde
fremg[r,fremgår
freml[n,fremlån
fremst[,fremstå
fr[dede,frådede
fr[dser,frådser
fr[sede,fråsede
fr[sere,fråsere
fr[seri,fråseri
fyrb[ke,fyrbåke
fyrt[rn,fyrtårn
fyr[bet,fyråbet
fæh[ret,fæhåret
færøb[d,færøbåd
føleh[r,følehår
f[mælte,fåmælte
f[r-ged,får-ged
f[reavl,fåreavl
f[reged,fåreged
f[rekød,fårekød
f[reost,fåreost
gen[bne,genåbne
ger[der,geråder
ger[det,gerådet
goder[d,goderåd
godth[b,godthåb
gradm[l,gradmål
grann[l,grannål
gravg[s,gravgås
gren[bo,grenåbo
griset[,grisetå
grønbl[,grønblå
grønk[l,grønkål
gr[blad,gråblad
gr[bleg,gråbleg
gr[bl[t,gråblåt
gr[bl[t,gråblåt
gr[brun,gråbrun
gr[dige,grådige
gr[digt,grådigt
gr[grøn,grågrøn
gr[gule,grågule
gr[gult,grågult
gr[hvid,gråhvid
gr[lige,grålige
gr[ligt,gråligt
gr[nede,grånede
gr[pile,gråpile
gr[pære,gråpære
gr[røde,grårøde
gr[rødt,grårødt
gr[skæg,gråskæg
gr[sort,gråsort
gr[sten,gråsten
gr[tone,gråtone
gr[vejr,gråvejr
gr[værk,gråværk
gr[zone,gråzone
guld[re,guldåre
gørem[l,gøremål
g[derne,gåderne
g[gaden,gågaden
g[gader,gågader
g[p[mod,gåpåmod
g[p[mod,gåpåmod
g[rdene,gårdene
g[rding,gårding
g[rdkat,gårdkat
g[rdtur,gårdtur
g[rsdag,gårsdag
g[sedun,gåsedun
g[sefod,gåsefod
g[sehud,gåsehud
g[sepen,gåsepen
g[seurt,gåseurt
g[sevin,gåsevin
g[stole,gåstole
g[tiden,gåtiden
g[tider,gåtider
g[turen,gåturen
halvr[t,halvråt
halvv[d,halvvåd
havbl[t,havblåt
havm[ge,havmåge
hav[len,havålen
hel[ret,helåret
heng[et,hengået
henst[r,henstår
hen[nde,henånde
hjeml[n,hjemlån
hulb[nd,hulbånd
husb[de,husbåde
hvidgr[,hvidgrå
hvidk[l,hvidkål
hvorn[r,hvornår
h[bløse,håbløse
h[bløst,håbløst
h[ndbog,håndbog
h[ndfri,håndfri
h[ndkys,håndkys
h[ndkøb,håndkøb
h[ndled,håndled
h[ndmad,håndmad
h[ndrod,håndrod
h[ndryg,håndryg
h[ndsky,håndsky
h[ndtag,håndtag
h[ndten,håndten
h[ndvæv,håndvæv
h[nende,hånende
h[nleet,hånleet
h[nlige,hånlige
h[nligt,hånligt
h[nsord,hånsord
h[rbund,hårbund
h[rb[nd,hårbånd
h[rb[nd,hårbånd
h[rdere,hårdere
h[rdfør,hårdfør
h[rdhed,hårdhed
h[rfine,hårfine
h[rfint,hårfint
h[rgele,hårgele
h[rkant,hårkant
h[rkure,hårkure
h[rløse,hårløse
h[rløst,hårløst
h[rn[le,hårnåle
h[rn[le,hårnåle
h[rpisk,hårpisk
h[rside,hårside
h[rstr[,hårstrå
h[rstr[,hårstrå
h[rvalk,hårvalk
h[rvand,hårvand
h[rvask,hårvask
imødeg[,imødegå
imødes[,imødeså
indest[,indestå
indg[et,indgået
indl[ne,indlåne
indl[nt,indlånt
indsl[r,indslår
ind[nde,indånde
isb[den,isbåden
jubel[r,jubelår
juleg[s,julegås
jævnm[l,jævnmål
kampr[b,kampråb
kamp[nd,kampånd
kinak[l,kinakål
kirke[r,kirkeår
klapl[g,klaplåg
knurh[r,knurhår
kodel[s,kodelås
koksgr[,koksgrå
koldn[l,koldnål
koneb[d,konebåd
kornbl[,kornblå
kortn[l,kortnål
krigs[r,krigsår
krise[r,kriseår
krumn[l,krumnål
krush[r,krushår
krølh[r,krølhår
kuldsl[,kuldslå
kultr[d,kultråd
kul[ren,kulåren
kul[rer,kulårer
kysh[nd,kyshånd
kædel[s,kædelås
kærem[l,kæremål
købsl[r,købslår
kødn[le,kødnåle
kølb[de,kølbåde
k[berne,kåberne
k[lrabi,kålrabi
k[lroen,kålroen
k[lroer,kålroer
k[lstok,kålstok
k[rende,kårende
lamsl[r,lamslår
langk[l,langkål
ledb[nd,ledbånd
ledsk[l,ledskål
lejem[l,lejemål
lejrb[l,lejrbål
lever[b,leveråb
ligb[re,ligbåre
lillet[,lilletå
livb[de,livbåde
livb[nd,livbånd
livsm[l,livsmål
livs[nd,livsånd
lodsb[d,lodsbåd
lunar[r,lunarår
lydb[nd,lydbånd
lynl[se,lynlåse
lysebl[,lyseblå
lysegr[,lysegrå
lystb[d,lystbåd
læger[d,lægeråd
l[ddent,låddent
l[gerne,lågerne
l[gfade,lågfade
l[nebil,lånebil
l[neord,låneord
l[neren,låneren
l[nerne,lånerne
l[rhals,lårhals
l[rkort,lårkort
l[rtykt,lårtykt
l[selig,låselig
l[sende,låsende
l[setøj,låsetøj
l[sning,låsning
madsk[l,madskål
malm[re,malmåre
mande[r,mandeår
maves[r,mavesår
medg[et,medgået
midg[rd,midgård
miksl[n,mikslån
modg[et,modgået
modst[r,modstår
musegr[,musegrå
musv[ge,musvåge
mærser[,mærserå
møntl[s,møntlås
m[bende,måbende
m[delig,mådelig
m[derne,måderne
m[gerne,mågerne
m[lbare,målbare
m[lbart,målbart
m[lelig,målelig
m[leren,måleren
m[lerne,målerne
m[leske,måleske
m[lfelt,målfelt
m[lfest,målfest
m[lfoto,målfoto
m[lkast,målkast
m[lløse,målløse
m[lløst,målløst
m[lmand,målmand
m[lmænd,målmænd
m[lsnor,målsnor
m[nebil,månebil
m[neden,måneden
m[neder,måneder
m[nelys,månelys
m[nerne,månerne
m[nesyg,månesyg
m[rerne,mårerne
navybl[,navyblå
nedsl[r,nedslår
ni[rige,niårige
ni[rigt,niårigt
ni[ring,niåring
notb[de,notbåde
nyk[ret,nykåret
nym[nen,nymånen
nym[ner,nymåner
nysl[et,nyslået
nyt[ret,nytåret
nyudl[n,nyudlån
ny[bnet,nyåbnet
næseh[r,næsehår
n[deløs,nådeløs
n[dkant,nådkant
n[dlede,nådlede
n[dlere,nådlere
n[dleri,nådleri
n[dling,nådling
n[lebog,nålebog
n[lehus,nålehus
n[letræ,nåletræ
n[leøje,nåleøje
omb[ret,ombåret
omr[der,områder
omr[det,området
omt[get,omtåget
opm[ler,opmåler
opm[lte,opmålte
opn[ede,opnåede
opr[ber,opråber
opr[bet,opråbet
opr[bte,opråbte
opsl[et,opslået
opst[en,opståen
opst[et,opstået
optr[dt,optrådt
opt[rne,optårne
otte[rs,otteårs
overg[r,overgår
overk[d,overkåd
overm[l,overmål
overst[,overstå
overs[r,oversår
ovnl[ge,ovnlåge
pageh[r,pagehår
pigtr[d,pigtråd
piv[ben,pivåben
piv[bne,pivåbne
pjatg[s,pjatgås
planm[l,planmål
plysh[r,plyshår
postb[d,postbåd
pr[sene,pråsene
pudev[r,pudevår
puls[re,pulsåre
p[agtet,påagtet
p[anker,påanker
p[anket,påanket
p[byder,påbyder
p[byrde,påbyrde
p[drage,pådrage
p[dutte,pådutte
p[dømme,pådømme
p[dømte,pådømte
p[fugle,påfugle
p[fylde,påfylde
p[fyldt,påfyldt
p[fører,påfører
p[førte,påførte
p[gribe,pågribe
p[hvile,påhvile
p[hører,påhører
p[hørte,påhørte
p[kalde,påkalde
p[kaldt,påkaldt
p[kende,påkende
p[kendt,påkendt
p[klage,påklage
p[klæbe,påklæbe
p[klæde,påklæde
p[klædt,påklædt
p[komme,påkomme
p[kærer,påkærer
p[kæret,påkæret
p[kører,påkører
p[kørte,påkørte
p[lagde,pålagde
p[ligge,påligge
p[ligne,påligne
p[lægge,pålægge
p[løben,påløben
p[løber,påløber
p[løbet,påløbet
p[løbne,påløbne
p[malet,påmalet
p[minde,påminde
p[nøder,pånøder
p[nødte,pånødte
p[peger,påpeger
p[peget,påpeget
p[regne,påregne
p[satte,påsatte
p[sejle,påsejle
p[skeæg,påskeæg
p[skeøl,påskeøl
p[skrev,påskrev
p[smurt,påsmurt
p[smøre,påsmøre
p[stand,påstand
p[strøg,påstrøg
p[st[et,påstået
p[st[et,påstået
p[syede,påsyede
p[synet,påsynet
p[sætte,påsætte
p[tagen,påtagen
p[tager,påtager
p[taget,påtaget
p[tagne,påtagne
p[talen,påtalen
p[taler,påtaler
p[talte,påtalte
p[tegne,påtegne
p[trykt,påtrykt
p[tvang,påtvang
p[tænke,påtænke
p[tænkt,påtænkt
p[virke,påvirke
p[viser,påviser
p[viste,påviste
rads[et,radsået
ratl[se,ratlåse
regnv[d,regnvåd
rigsm[l,rigsmål
rigsr[d,rigsråd
rimt[ge,rimtåge
ritr[de,ritråde
rob[den,robåden
ruh[ret,ruhåret
ruteb[d,rutebåd
r[bende,råbende
r[beren,råberen
r[berne,råberne
r[bukke,råbukke
r[creme,råcreme
r[ddent,råddent
r[delig,rådelig
r[deret,råderet
r[derum,råderum
r[dføre,rådføre
r[dført,rådført
r[dgive,rådgive
r[dhuse,rådhuse
r[dløse,rådløse
r[dløst,rådløst
r[dmand,rådmand
r[dmænd,rådmænd
r[dnede,rådnede
r[dslog,rådslog
r[dsl[r,rådslår
r[dsl[r,rådslår
r[dsnar,rådsnar
r[dssal,rådssal
r[dvild,rådvild
r[dyret,rådyret
r[emner,råemner
r[emnet,råemnet
r[frugt,råfrugt
r[gerne,rågerne
r[gummi,rågummi
r[heden,råheden
r[heder,råheder
r[huset,råhuset
r[hvide,råhvide
r[hvidt,råhvidt
r[hygge,råhygge
r[kaffe,råkaffe
r[kalve,råkalve
r[kolde,råkolde
r[koldt,råkoldt
r[kulde,råkulde
r[olien,råolien
r[olier,råolier
r[silke,råsilke
r[stege,råstege
r[stegt,råstegt
r[stærk,råstærk
r[sylte,råsylte
r[træet,råtræet
r[ulden,råulden
r[varen,råvaren
r[varer,råvarer
r[vildt,råvildt
savsp[n,savspån
sejlb[d,sejlbåd
seks[rs,seksårs
selvm[l,selvmål
sjælsr[,sjælsrå
skamh[r,skamhår
skamsl[,skamslå
skels[r,skelsår
skole[r,skoleår
skovm[r,skovmår
skr[ede,skråede
skr[hue,skråhue
skr[ler,skråler
skr[let,skrålet
skr[ner,skråner
skr[net,skrånet
skr[rem,skrårem
skr[tag,skråtag
skr[væg,skråvæg
skuds[r,skudsår
skægh[r,skæghår
skøn[nd,skønånd
sk[lede,skålede
sk[lene,skålene
sk[nede,skånede
sk[ning,skåning
sk[nsel,skånsel
sk[nske,skånske
sk[nsom,skånsom
sk[rede,skårede
sk[rene,skårene
slids[r,slidsår
sl[brok,slåbrok
sl[ende,slående
sl[eren,slåeren
sl[erne,slåerne
sl[fejl,slåfejl
sl[ning,slåning
smækl[s,smæklås
sm[barn,småbarn
sm[byer,småbyer
sm[børn,småbørn
sm[dele,smådele
sm[fede,småfede
sm[fedt,småfedt
sm[fisk,småfisk
sm[folk,småfolk
sm[frøs,småfrøs
sm[kage,småkage
sm[kede,småkede
sm[koge,småkoge
sm[kogt,småkogt
sm[kold,småkold
sm[kryb,småkryb
sm[kævl,småkævl
sm[land,småland
sm[leet,småleet
sm[lige,smålige
sm[ligt,småligt
sm[mønt,småmønt
sm[skov,småskov
sm[skør,småskør
sm[sten,småsten
sm[svøb,småsvøb
sm[ting,småting
sm[tryk,småtryk
snits[r,snitsår
sol[ret,solåret
sortbl[,sortblå
sp[kone,spåkone
sp[mand,spåmand
sp[mænd,spåmænd
sp[nløs,spånløs
sp[ntag,spåntag
starb[d,starbåd
stiks[r,stiksår
stj[len,stjålen
stj[let,stjålet
stj[lne,stjålne
storet[,storetå
str[død,strådød
str[ene,stråene
str[gul,strågul
str[hat,stråhat
str[len,strålen
str[ler,stråler
str[let,strålet
str[tag,stråtag
støvbl[,støvblå
st[bien,ståbien
st[bier,ståbier
st[ende,stående
st[lbl[,stålblå
st[lbl[,stålblå
st[lene,stålene
st[lgr[,stålgrå
st[lgr[,stålgrå
st[lorm,stålorm
st[lrør,stålrør
st[lsat,stålsat
st[luld,ståluld
st[sted,ståsted
sven[ge,svenåge
syn[len,synålen
sytr[de,sytråde
syv[rig,syvårig
søb[ren,søbåren
søb[ret,søbåret
søb[rne,søbårne
søgsm[l,søgsmål
sølvbl[,sølvblå
sølvgr[,sølvgrå
sølv[re,sølvåre
s[danne,sådanne
s[fremt,såfremt
s[kaldt,såkaldt
s[lbænk,sålbænk
s[ledes,således
s[lerne,sålerne
s[lunde,sålunde
s[rbare,sårbare
s[rbart,sårbart
s[rende,sårende
s[rhage,sårhage
s[rrand,sårrand
s[sæden,såsæden
s[terne,såterne
tangn[l,tangnål
tankb[d,tankbåd
ted[sen,tedåsen
ted[ser,tedåser
tids[nd,tidsånd
tilg[et,tilgået
tilm[le,tilmåle
tilm[lt,tilmålt
tilr[be,tilråbe
tilr[bt,tilråbt
tilr[de,tilråde
tilst[r,tilstår
tils[et,tilsået
ti[rene,tiårene
ti[rige,tiårige
ti[rigt,tiårigt
tolv[rs,tolvårs
topm[lt,topmålt
to[rige,toårige
to[rigt,toårigt
to[ring,toåring
tres[rs,tresårs
tret[et,tretået
tre[rig,treårig
trykl[g,tryklåg
trykl[s,tryklås
træb[ds,træbåds
træsp[n,træspån
tr[ddet,tråddet
tr[dede,trådede
tr[dene,trådene
tr[dløs,trådløs
tr[dnet,trådnet
tr[dorm,trådorm
tr[dvæv,trådvæv
tværm[l,tværmål
tyve[rs,tyveårs
t[belig,tåbelig
t[berne,tåberne
t[clips,tåclips
t[gedis,tågedis
t[gerne,tågerne
t[gesky,tågesky
t[klips,tåklips
t[lelig,tålelig
t[lsomt,tålsomt
t[negle,tånegle
t[næsen,tånæsen
t[næser,tånæser
t[regas,tåregas
t[reløs,tåreløs
t[rerne,tårerne
t[rnede,tårnede
t[rnene,tårnene
t[rnhøj,tårnhøj
t[rnure,tårnure
t[rnurt,tårnurt
t[singe,tåsinge
t[spids,tåspids
uafl[st,uaflåst
ub[dene,ubådene
udb[ret,udbåret
udest[r,udestår
udk[ren,udkåren
udk[rer,udkårer
udk[ret,udkåret
udk[rne,udkårne
udl[ner,udlåner
udl[net,udlånet
udl[nte,udlånte
udm[ler,udmåler
udm[lte,udmålte
udr[ber,udråber
udr[bet,udråbet
udr[bte,udråbte
udsl[et,udslået
udst[et,udstået
udtr[dt,udtrådt
ud[nder,udånder
ud[ndet,udåndet
underg[,undergå
undg[et,undgået
undsl[r,undslår
un[dige,unådige
un[digt,unådigt
up[talt,upåtalt
urt[gen,urtågen
urt[ger,urtåger
us[rlig,usårlig
ut[lsom,utålsom
u[bnede,uåbnede
vandl[s,vandlås
vand[re,vandåre
vedg[et,vedgået
vedst[r,vedstår
vendet[,vendetå
versm[l,versmål
vildg[s,vildgås
ving[rd,vingård
violbl[,violblå
vr[erne,vråerne
vr[lede,vrålede
vr[lene,vrålene
v[bnene,våbnene
v[derne,våderne
v[dfast,vådfast
v[dtede,vådtede
v[dvask,vådvask
v[gerne,vågerne
v[gnede,vågnede
v[ndede,våndede
v[ndene,våndene
v[rbrud,vårbrud
v[rdage,vårdage
v[rflue,vårflue
v[rgrøn,vårgrøn
v[rguld,vårguld
v[rhare,vårhare
v[rlige,vårlige
v[rligt,vårligt
v[rraps,vårraps
v[rsild,vårsild
wirel[s,wirelås
yalel[s,yalelås
yderm[l,ydermål
ætsen[l,ætsenål
ødeg[rd,ødegård
øjenh[r,øjenhår
øjenl[g,øjenlåg
øld[sen,øldåsen
øld[ser,øldåser
ømt[lig,ømtålig
ørenh[r,ørenhår
[benbar,åbenbar
[benhed,åbenhed
[benlys,åbenlys
[bnende,åbnende
[bneren,åbneren
[bnerne,åbnerne
[dalene,ådalene
[drende,ådrende
[kanden,åkanden
[kander,åkander
[landsk,ålandsk
[leblus,åleblus
[lefarm,ålefarm
[leglat,åleglat
[leglib,åleglib
[legræs,ålegræs
[leg[rd,ålegård
[leg[rd,ålegård
[lejern,ålejern
[leruse,åleruse
[løbene,åløbene
[ndbare,åndbare
[ndbart,åndbart
[ndehul,åndehul
[ndelig,åndelig
[ndeløs,åndeløs
[ndenød,åndenød
[nderne,ånderne
[nderod,ånderod
[ndesyn,åndesyn
[ndfuld,åndfuld
[ndløse,åndløse
[ndløst,åndløst
[ndrige,åndrige
[ndrigt,åndrigt
[ndsliv,åndsliv
[rbogen,årbogen
[rbøger,årbøger
[reblad,åreblad
[regang,åregang
[relade,årelade
[relang,årelang
[retold,åretold
[revise,årevise
[rgamle,årgamle
[rgange,årgange
[ringen,åringen
[ringer,åringer
[rpenge,årpenge
[rringe,årringe
[rrække,årrække
[rsagen,årsagen
[rsager,årsager
[rsdage,årsdage
[rsfest,årsfest
[rsgage,årsgage
[rskoen,årskoen
[rskort,årskort
[rskøer,årskøer
[rsmøde,årsmøde
[rsunge,årsunge
[rsvise,årsvise
[rsværk,årsværk
[rv[gen,årvågen
[rv[gen,årvågen
[rv[gne,årvågne
[rv[gne,årvågne
[røsund,årøsund
[steder,åsteder
[stedet,åstedet
[synene,åsynene