b;,bæ
f;,fæ
l;,læ
n;,næ
;g,æg
;h,æh
;r,ær
;t,æt
;v,æv
,
,
br;,bræ
b;h,bæh
b;k,bæk
b;l,bæl
b;r,bær
b;v,bæv
dr;,dræ
d;k,dæk
f;l,fæl
g;k,gæk
g;r,gær
g;s,gæs
g;t,gæt
g;v,gæv
h;g,hæg
h;k,hæk
h;l,hæl
h;r,hær
h;s,hæs
h;v,hæv
kn;,knæ
kr;,kræ
k;k,kæk
k;p,kæp
k;r,kær
k;v,kæv
l;g,læg
l;k,læk
l;n,læn
l;r,lær
l;s,læs
m;h,mæh
m;l,mæl
m;r,mær
m;t,mæt
n;b,næb
n;h,næh
n;n,næn
n;r,nær
n;s,næs
pr;,præ
p;l,pæl
p;n,pæn
r;b,ræb
r;d,ræd
r;r,rær
r;s,ræs
r;v,ræv
s;d,sæd
s;k,sæk
s;l,sæl
s;r,sær
s;t,sæt
tr;,træ
t;r,tær
t;t,tæt
t;v,tæv
v;g,væg
v;k,væk
v;n,væn
v;v,væv
;de,æde
;dt,ædt
;gt,ægt
;on,æon
;ra,æra
;re,ære
;rt,ært
;vl,ævl
,
,
bj;f,bjæf
bl;k,blæk
bl;r,blær
br;k,bræk
br;t,bræt
b;en,bæen
b;er,bæer
b;et,bæet
b;lg,bælg
b;lt,bælt
b;nk,bænk
b;re,bære
b;st,bæst
b;ve,bæve
b;vl,bævl
di;t,diæt
dr;g,dræg
dr;n,dræn
dr;r,drær
dr;t,dræt
d;mp,dæmp
fj;l,fjæl
fj;s,fjæs
fl;b,flæb
fl;g,flæg
fr;k,fræk
f;et,fæet
f;le,fæle
f;lg,fælg
f;lt,fælt
f;rd,færd
f;rg,færg
f;rt,fært
gr;d,græd
gr;s,græs
g;ld,gæld
g;ng,gæng
g;re,gære
g;st,gæst
g;ve,gæve
g;vt,gævt
hv;s,hvæs
h;ge,hæge
h;ld,hæld
h;le,hæle
h;ng,hæng
h;re,hære
h;se,hæse
h;st,hæst
h;vd,hævd
h;ve,hæve
h;vn,hævn
is;r,især
j;gt,jægt
j;rv,jærv
j;vn,jævn
kl;g,klæg
kn;k,knæk
kr;s,kræs
kr;v,kræv
kv;g,kvæg
kv;k,kvæk
k;be,kæbe
k;de,kæde
k;ft,kæft
k;kt,kækt
k;le,kæle
k;lk,kælk
k;re,kære
k;rt,kært
k;rv,kærv
k;ve,kæve
k;vl,kævl
l;be,læbe
l;et,læet
l;gd,lægd
l;ge,læge
l;gt,lægt
l;kt,lækt
l;nd,lænd
l;ne,læne
l;ns,læns
l;rd,lærd
l;re,lære
l;rk,lærk
l;rt,lært
l;se,læse
l;sp,læsp
l;st,læst
m;h;,mæhæ
m;le,mæle
m;lk,mælk
m;nd,mænd
m;re,mære
m;rs,mærs
m;sk,mæsk
n;nt,nænt
n;re,nære
n;se,næse
n;st,næst
n;ve,næve
n;vn,nævn
pal;,palæ
pj;k,pjæk
pr;d,præd
pr;g,præg
pr;k,præk
pr;p,præp
pr;s,præs
pr;t,præt
p;gl,pægl
p;le,pæle
p;ne,pæne
p;nt,pænt
p;on,pæon
p;re,pære
rel;,relæ
r;be,ræbe
r;er,ræer
r;se,ræse
r;ve,ræve
sj;l,sjæl
sk;g,skæg
sk;l,skæl
sk;r,skær
sk;v,skæv
sl;b,slæb
sl;k,slæk
sl;t,slæt
sm;k,smæk
sp;d,spæd
sp;k,spæk
sp;r,spær
st;r,stær
sv;r,svær
sv;v,svæv
s;be,sæbe
s;de,sæde
s;nk,sænk
s;re,sære
s;rk,særk
s;rt,sært
tr;f,træf
tr;g,træg
tr;k,træk
tr;l,træl
tr;n,træn
tr;t,træt
tv;r,tvær
t;er,tæer
t;ft,tæft
t;ge,tæge
t;re,tære
t;sk,tæsk
t;tt,tætt
t;ve,tæve
uk;r,ukær
ur;d,uræd
ut;t,utæt
vit;,vitæ
vr;l,vræl
v;de,væde
v;ge,væge
v;gt,vægt
v;ld,væld
v;ne,væne
v;nt,vænt
v;rd,værd
v;re,være
v;rk,værk
v;rn,værn
v;rt,vært
v;ve,væve
;ble,æble
;del,ædel
;der,æder
;det,ædet
;dle,ædle
;dru,ædru
;gge,ægge
;gte,ægte
;kel,ækel
;kle,ækle
;lde,ælde
;lte,ælte
;nse,ænse
;ren,æren
;rer,ærer
;ret,æret
;rme,ærme
;rte,ærte
;sel,æsel
;ske,æske
;tan,ætan
;ter,æter
;tse,ætse
;tyl,ætyl
;vle,ævle
,
adr;t,adræt
afs;t,afsæt
anl;g,anlæg
an;mi,anæmi
arv;v,arvæv
beg;r,begær
bel;g,belæg
bes;t,besæt
be;re,beære
bin;r,binær
bj;rg,bjærg
bl;re,blære
bl;se,blæse
bl;st,blæst
bop;l,bopæl
br;en,bræen
br;er,bræer
br;ge,bræge
br;nd,brænd
bur;g,buræg
byn;r,bynær
b;ede,bæede
b;ger,bæger
b;gre,bægre
b;kke,bække
b;lge,bælge
b;lle,bælle
b;lte,bælte
b;nke,bænke
b;rer,bærer
b;rme,bærme
b;ven,bæven
b;ver,bæver
b;vet,bævet
b;vre,bævre
c;sar,cæsar
c;sur,cæsur
dj;rv,djærv
dr;be,dræbe
dr;bt,dræbt
dr;et,dræet
dr;ne,dræne
dr;ve,dræve
due;g,dueæg
dv;le,dvæle
dv;rg,dværg
d;gge,dægge
d;kke,dække
d;len,dælen
d;mme,dæmme
d;mon,dæmon
d;mpe,dæmpe
d;mre,dæmre
d;nge,dænge
etb;r,etbær
fj;le,fjæle
fj;rt,fjært
fl;be,flæbe
fl;ng,flæng
fl;se,flæse
fl;sk,flæsk
fr;kt,frækt
fr;se,fræse
f;ces,fæces
f;dre,fædre
f;ene,fæene
f;gte,fægte
f;hår,fæhår
f;isk,fæisk
f;kal,fækal
f;lde,fælde
f;lge,fælge
f;lle,fælle
f;nge,fænge
f;rge,færge
f;rre,færre
f;ste,fæste
f;tre,fætre
gev;r,gevær
gl;de,glæde
gr;de,græde
gr;dt,grædt
gr;sk,græsk
g;kke,gække
g;lde,gælde
g;ler,gæler
g;lle,gælle
g;nge,gænge
g;ngs,gængs
g;rde,gærde
g;ren,gæren
g;rer,gærer
g;ret,gæret
g;ste,gæste
g;tte,gætte
gål;g,gålæg
hj;lp,hjælp
hv;lv,hvælv
hv;se,hvæse
hy;ne,hyæne
h;der,hæder
h;dre,hædre
h;fte,hæfte
h;gen,hægen
h;ger,hæger
h;get,hæget
h;gte,hægte
h;kke,hække
h;kle,hækle
h;lde,hælde
h;ldt,hældt
h;len,hælen
h;ler,hæler
h;let,hælet
h;lvt,hælvt
h;mme,hæmme
h;nde,hænde
h;ndt,hændt
h;nge,hænge
h;ngt,hængt
h;rde,hærde
h;ren,hæren
h;rge,hærge
h;tte,hætte
h;vde,hævde
h;ver,hæver
h;vet,hævet
h;vne,hævne
høl;s,hølæs
idr;t,idræt
isbr;,isbræ
isl;g,islæg
isl;t,islæt
j;ger,jæger
j;rpe,jærpe
j;rve,jærve
j;tte,jætte
j;vne,jævne
j;vnt,jævnt
kl;be,klæbe
kl;de,klæde
kl;dt,klædt
kl;ge,klæge
kl;gt,klægt
kn;et,knæet
kn;gt,knægt
kn;le,knæle
kr;et,kræet
kr;ft,kræft
kr;ge,kræge
kr;se,kræse
kr;ve,kræve
kv;de,kvæde
kv;ge,kvæge
kv;ld,kvæld
kv;le,kvæle
kv;rk,kværk
kv;rn,kværn
k;ben,kæben
k;ber,kæber
k;den,kæden
k;der,kæder
k;det,kædet
k;fte,kæfte
k;kke,kække
k;len,kælen
k;ler,kæler
k;let,kælet
k;lke,kælke
k;lne,kælne
k;lve,kælve
k;mme,kæmme
k;mpe,kæmpe
k;ppe,kæppe
k;rer,kærer
k;ret,kæret
k;rne,kærne
k;rre,kærre
k;rte,kærte
k;rve,kærve
k;ver,kæver
k;vet,kævet
k;vle,kævle
l;ben,læben
l;ber,læber
l;der,læder
l;ede,læede
l;gen,lægen
l;ger,læger
l;get,læget
l;gge,lægge
l;gte,lægte
l;kat,lækat
l;kke,lække
l;kre,lækre
l;mme,læmme
l;ner,læner
l;net,lænet
l;nge,længe
l;nke,lænke
l;nse,lænse
l;rde,lærde
l;ren,læren
l;rer,lærer
l;rke,lærke
l;rte,lærte
l;ser,læser
l;ske,læske
l;spe,læspe
l;sse,læsse
l;ste,læste
mol;r,molær
m;cen,mæcen
m;gle,mægle
m;gte,mægte
m;lde,mælde
m;ler,mæler
m;let,mælet
m;lke,mælke
m;nge,mænge
m;ren,mæren
m;rke,mærke
m;ske,mæske
m;tte,mætte
n;bes,næbes
n;bet,næbet
n;gte,nægte
n;lde,nælde
n;nne,nænne
n;ppe,næppe
n;rer,nærer
n;ret,næret
n;rig,nærig
n;rme,nærme
n;rpå,nærpå
n;sen,næsen
n;ser,næser
n;set,næset
n;ste,næste
n;ven,næven
n;ver,næver
n;vne,nævne
n;vnt,nævnt
opl;g,oplæg
op;de,opæde
op;dt,opædt
pj;ve,pjæve
pl;ne,plæne
pol;r,polær
pr;er,præer
pr;et,præet
pr;ge,præge
pr;ke,præke
pr;st,præst
pygm;,pygmæ
p;gle,pægle
p;len,pælen
p;ler,pæler
p;let,pælet
p;ren,pæren
p;rer,pærer
pål;g,pålæg
r;ber,ræber
r;bet,ræbet
r;dde,rædde
r;kel,rækel
r;kke,række
r;lig,rælig
r;nke,rænke
r;ret,ræret
r;ser,ræser
r;set,ræset
r;son,ræson
r;ven,ræven
rør;g,røræg
råtr;,råtræ
sal;r,salær
sf;re,sfære
sj;le,sjæle
skr;k,skræk
skr;l,skræl
skr;v,skræv
skv;t,skvæt
sk;gt,skægt
sk;lm,skælm
sk;lv,skælv
sk;mt,skæmt
sk;nd,skænd
sk;ne,skæne
sk;nk,skænk
sk;re,skære
sk;rf,skærf
sk;rm,skærm
sk;rt,skært
sk;rv,skærv
sk;ve,skæve
sk;vt,skævt
sl;be,slæbe
sl;bt,slæbt
sl;de,slæde
sl;gt,slægt
sl;kt,slækt
sl;ng,slæng
sm;de,smæde
sm;ld,smæld
sn;re,snære
sn;rt,snært
spj;t,spjæt
spr;l,spræl
spr;t,spræt
sp;de,spæde
sp;dt,spædt
sp;ge,spæge
sp;nd,spænd
sp;ne,spæne
str;b,stræb
str;k,stræk
st;nk,stænk
st;re,stære
st;rk,stærk
st;se,stæse
st;vn,stævn
sv;lg,svælg
sv;rd,sværd
sv;re,svære
sv;rm,sværm
sv;rt,svært
sv;ve,svæve
s;ben,sæben
s;ber,sæber
s;bet,sæbet
s;den,sæden
s;der,sæder
s;des,sædes
s;det,sædet
s;kke,sække
s;len,sælen
s;ler,sæler
s;lge,sælge
s;nke,sænke
s;rbo,særbo
s;rke,særke
s;son,sæson
s;ter,sæter
s;tte,sætte
sås;d,såsæd
tj;re,tjære
trof;,trofæ
trok;,trokæ
tr;de,træde
tr;er,træer
tr;et,træet
tr;ge,træge
tr;gt,trægt
tr;ls,træls
tr;ne,træne
tr;sk,træsk
tr;vl,trævl
tv;re,tvære
tv;rs,tværs
tv;rt,tvært
t;fte,tæfte
t;gen,tægen
t;ger,tæger
t;kke,tække
t;lle,tælle
t;mme,tæmme
t;nde,tænde
t;ndt,tændt
t;nke,tænke
t;nkt,tænkt
t;ppe,tæppe
t;rer,tærer
t;ret,tæret
t;rte,tærte
t;ske,tæske
t;tne,tætne
t;tte,tætte
t;ven,tæven
t;ver,tæver
t;vet,tævet
t;vne,tævne
udl;g,udlæg
uds;d,udsæd
ugr;s,ugræs
uj;vn,ujævn
uk;re,ukære
uk;rt,ukært
ul;rd,ulærd
ul;st,ulæst
ur;mi,uræmi
vel;r,velær
vr;le,vræle
v;bne,væbne
v;dde,vædde
v;den,væden
v;der,væder
v;det,vædet
v;dre,vædre
v;gen,vægen
v;ger,væger
v;gge,vægge
v;gre,vægre
v;gte,vægte
v;gur,vægur
v;kke,vække
v;kst,vækst
v;lde,vælde
v;lge,vælge
v;lig,vælig
v;lsk,vælsk
v;lte,vælte
v;nge,vænge
v;nne,vænne
v;rdi,værdi
v;ren,væren
v;ret,været
v;rft,værft
v;rge,værge
v;rke,værke
v;rne,værne
v;rre,værre
v;rst,værst
v;sel,væsel
v;sen,væsen
v;ske,væske
v;tte,vætte
v;ven,væven
v;ver,væver
v;vet,vævet
v;vre,vævre
;bler,æbler
;blet,æblet
;delt,ædelt
;dere,ædere
;deri,æderi
;ggen,æggen
;gger,ægger
;gget,ægget
;gide,ægide
;gten,ægten
;gter,ægter
;gtet,ægtet
;kelt,ækelt
;kler,ækler
;klet,æklet
;kval,ækval
;lden,ælden
;lder,ælder
;ldet,ældet
;ldre,ældre
;ldst,ældst
;lten,ælten
;lter,ælter
;ltet,æltet
;nder,ænder
;ndre,ændre
;nser,ænser
;nset,ænset
;onen,æonen
;oner,æoner
;raen,æraen
;raer,æraer
;rbar,ærbar
;rede,ærede
;rene,ærene
;rgre,ærgre
;rlig,ærlig
;rmer,ærmer
;rmet,ærmet
;rten,ærten
;rter,ærter
;rtet,ærtet
;røbo,ærøbo
;røsk,ærøsk
;sken,æsken
;sker,æsker
;sket,æsket
;sler,æsler
;slet,æslet
;stet,æstet
;tere,ætere
;tser,ætser
;tset,ætset
;tten,ætten
;tter,ætter
;vler,ævler
;vlet,ævlet
;vred,ævred
ølg;r,ølgær
,
adf;rd,adfærd
afb;re,afbære
aff;re,affære
afg;re,afgære
afl;gs,aflægs
afl;re,aflære
afl;rt,aflært
afl;se,aflæse
afl;st,aflæst
afp;le,afpæle
afs;be,afsæbe
aft;gt,aftægt
af;ske,afæske
af;tse,afætse
beg;re,begære
bel;re,belære
bel;rt,belært
bel;st,belæst
bev;ge,bevæge
bev;rt,bevært
be;rer,beærer
be;ret,beæret
bin;re,binære
bin;rt,binært
bi;der,biæder
bj;ffe,bjæffe
bj;lde,bjælde
bj;lke,bjælke
bj;rge,bjærge
bl;kke,blække
bl;nde,blænde
bl;ren,blæren
bl;rer,blærer
bl;ret,blæret
bl;ser,blæser
bl;ste,blæste
bl;ver,blæver
bl;vre,blævre
bog;ld,bogæld
bop;le,bopæle
br;ger,bræger
br;get,bræget
br;kke,brække
br;mme,bræmme
br;nde,brænde
br;ndt,brændt
br;tte,brætte
byn;re,bynære
byn;rt,bynært
b;erne,bæerne
b;hlam,bæhlam
b;kken,bækken
b;lgen,bælgen
b;lger,bælger
b;lget,bælget
b;ller,bæller
b;llet,bællet
b;lter,bælter
b;ltet,bæltet
b;ndel,bændel
b;nken,bænken
b;nker,bænker
b;nket,bænket
b;rbar,bærbar
b;rere,bærere
b;ring,bæring
b;rmen,bærmen
b;rret,bærret
b;ster,bæster
b;stet,bæstet
b;vede,bævede
b;vere,bævere
b;vlet,bævlet
b;vrer,bævrer
b;vret,bævret
c;sium,cæsium
di;ten,diæten
di;ter,diæter
dj;rve,djærve
dj;rvt,djærvt
dj;vel,djævel
dj;vle,djævle
dom;ne,domæne
dr;ber,dræber
dr;bte,dræbte
dr;ede,dræede
dr;gge,drægge
dr;ner,dræner
dr;net,drænet
dr;nke,drænke
dr;tte,drætte
dr;ver,dræver
dr;vet,drævet
dv;ler,dvæler
dv;let,dvælet
dv;rge,dværge
d;gger,dægger
d;gget,dægget
d;khår,dækhår
d;kken,dækken
d;kker,dækker
d;kket,dækket
d;klag,dæklag
d;ksel,dæksel
d;ksko,dæksko
d;ks;d,dæksæd
d;leme,dæleme
d;mmer,dæmmer
d;mmes,dæmmes
d;mmet,dæmmet
d;moni,dæmoni
d;mper,dæmper
d;mpet,dæmpet
d;mrer,dæmrer
d;mret,dæmret
d;nger,dænger
d;nget,dænget
elp;re,elpære
elv;rk,elværk
ern;re,ernære
fad;se,fadæse
fj;len,fjælen
fj;ler,fjæler
fj;let,fjælet
fj;rte,fjærte
fj;set,fjæset
fl;ber,flæber
fl;bet,flæbet
fl;get,flæget
fl;kke,flække
fl;nge,flænge
fl;nse,flænse
fl;sen,flæsen
fl;ser,flæser
fl;set,flæset
fl;ske,flæske
for;de,foræde
for;dt,forædt
for;re,forære
fr;kke,frække
fr;nde,frænde
fr;ser,fræser
fr;set,fræset
f;gter,fægter
f;gtet,fægtet
f;iske,fæiske
f;kale,fækale
f;kalt,fækalt
f;lden,fælden
f;lder,fælder
f;ldet,fældet
f;lgen,fælgen
f;lled,fælled
f;llen,fællen
f;ller,fæller
f;lles,fælles
f;llig,fællig
f;nger,fænger
f;nget,fænget
f;rden,færden
f;rder,færder
f;rdes,færdes
f;rdig,færdig
f;rgen,færgen
f;rger,færger
f;rget,færget
f;ring,færing
f;rist,færist
f;rten,færten
f;røsk,færøsk
f;ster,fæster
f;stet,fæstet
f;stne,fæstne
f;tter,fætter
fåm;lt,fåmælt
geh;ng,gehæng
gl;den,glæden
gl;der,glæder
gl;det,glædet
gn;gge,gnægge
gr;der,græder
gr;ker,græker
gr;mme,græmme
gr;nse,grænse
gr;ske,græske
gr;sse,græsse
g;kken,gækken
g;kker,gækker
g;kket,gækket
g;lden,gælden
g;lder,gælder
g;lere,gælere
g;lisk,gælisk
g;llen,gællen
g;ller,gæller
g;llet,gællet
g;ngen,gængen
g;nger,gænger
g;nget,gænget
g;ngse,gængse
g;rdej,gærdej
g;rder,gærder
g;rdet,gærdet
g;rede,gærede
g;ring,gæring
g;rkar,gærkar
g;rrør,gærrør
g;sten,gæsten
g;ster,gæster
g;stet,gæstet
g;tter,gætter
g;ttet,gættet
gåm;nd,gåmænd
het;re,hetære
hj;lme,hjælme
hj;lpe,hjælpe
hv;lve,hvælve
hv;ser,hvæser
hv;set,hvæset
hv;sse,hvæsse
hy;nen,hyænen
hy;ner,hyæner
h;drer,hædrer
h;dret,hædret
h;fter,hæfter
h;ftet,hæftet
h;gede,hægede
h;gene,hægene
h;gten,hægten
h;gter,hægter
h;gtet,hægtet
h;kdør,hækdør
h;kken,hækken
h;kker,hækker
h;kler,hækler
h;klet,hæklet
h;lben,hælben
h;lder,hælder
h;ldet,hældet
h;ldte,hældte
h;lede,hælede
h;lene,hælene
h;lere,hælere
h;leri,hæleri
h;mmer,hæmmer
h;mmet,hæmmet
h;msko,hæmsko
h;nder,hænder
h;ndte,hændte
h;nger,hænger
h;nget,hænget
h;ngte,hængte
h;rder,hærder
h;rdet,hærdet
h;rdne,hærdne
h;rene,hærene
h;resi,hæresi
h;rger,hærger
h;rget,hærget
h;rorm,hærorm
h;shed,hæshed
h;slig,hæslig
h;sset,hæsset
h;tten,hætten
h;tter,hætter
h;vder,hævder
h;vdet,hævdet
h;vede,hævede
h;vert,hævert
h;vnen,hævnen
h;vner,hævner
h;vnet,hævnet
ikl;de,iklæde
ikl;dt,iklædt
il;gge,ilægge
ind;dt,indædt
ism;nd,ismænd
isv;rk,isværk
is;tte,isætte
j;gere,jægere
j;gten,jægten
j;gter,jægter
j;rven,jærven
j;tten,jætten
j;tter,jætter
j;vner,jævner
j;vnet,jævnet
kik;rt,kikært
kim;re,kimære
kl;ber,klæber
kl;bet,klæbet
kl;der,klæder
kl;det,klædet
kl;dte,klædte
kl;gen,klægen
kl;ger,klæger
kl;kke,klække
kn;ede,knæede
kn;ene,knæene
kn;fri,knæfri
kn;gte,knægte
kn;has,knæhas
kn;høj,knæhøj
kn;kke,knække
kn;k;g,knækæg
kn;led,knæled
kn;ler,knæler
kn;let,knælet
kn;rør,knærør
kn;sat,knæsat
kom;lk,komælk
kr;ene,kræene
kr;gen,krægen
kr;ger,kræger
kr;nge,krænge
kr;nke,krænke
kr;sen,kræsen
kr;ser,kræser
kr;set,kræset
kr;sne,kræsne
kr;ver,kræver
kr;vet,krævet
kv;den,kvæden
kv;der,kvæder
kv;det,kvædet
kv;ger,kvæger
kv;get,kvæget
kv;ker,kvæker
kv;kke,kvække
kv;lde,kvælde
kv;ler,kvæler
kv;lle,kvælle
kv;rke,kværke
kv;rne,kværne
kv;ste,kvæste
k;dede,kædede
k;fert,kæfert
k;ften,kæften
k;fter,kæfter
k;ftet,kæftet
k;khed,kækhed
k;lder,kælder
k;ldre,kældre
k;lede,kælede
k;lent,kælent
k;leri,kæleri
k;lken,kælken
k;lker,kælker
k;lket,kælket
k;lver,kælver
k;lvet,kælvet
k;mmer,kæmmer
k;mmet,kæmmet
k;mner,kæmner
k;mpen,kæmpen
k;mper,kæmper
k;mpes,kæmpes
k;mpet,kæmpet
k;ntre,kæntre
k;phøj,kæphøj
k;ppen,kæppen
k;pper,kæpper
k;ppet,kæppet
k;rede,kærede
k;rene,kærene
k;rhøg,kærhøg
k;rlig,kærlig
k;rnen,kærnen
k;rner,kærner
k;rnet,kærnet
k;rren,kærren
k;rrer,kærrer
k;ruld,kæruld
k;rven,kærven
k;rvet,kærvet
k;tter,kætter
k;vede,kævede
k;vlen,kævlen
k;vler,kævler
k;vles,kævles
k;vlet,kævlet
lip;mi,lipæmi
l;dere,lædere
l;gben,lægben
l;gder,lægder
l;gdet,lægdet
l;gede,lægede
l;gene,lægene
l;ggen,læggen
l;gger,lægger
l;gges,lægges
l;gget,lægget
l;gten,lægten
l;gter,lægter
l;gtet,lægtet
l;gtre,lægtre
l;hegn,læhegn
l;kage,lækage
l;kken,lækken
l;kker,lækker
l;kket,lækket
l;krog,lækrog
l;mmer,læmmer
l;mmet,læmmet
l;mole,læmole
l;nden,lænden
l;nder,lænder
l;nede,lænede
l;nene,lænene
l;ngde,længde
l;ngen,længen
l;nger,længer
l;nges,længes
l;ngst,længst
l;nken,lænken
l;nker,lænker
l;nket,lænket
l;nser,lænser
l;nset,lænset
l;rdom,lærdom
l;rere,lærere
l;reår,læreår
l;ring,læring
l;rken,lærken
l;rker,lærker
l;rred,lærred
l;sbar,læsbar
l;sejl,læsejl
l;sere,læsere
l;side,læside
l;sion,læsion
l;sker,læsker
l;sket,læsket
l;skur,læskur
l;sper,læsper
l;spet,læspet
l;sser,læsser
l;sset,læsset
l;sten,læsten
l;ster,læster
l;søbo,læsøbo
meg;re,megære
mol;re,molære
mol;rt,molært
mor;ne,moræne
mur;ne,muræne
m;gler,mægler
m;glet,mæglet
m;gter,mægter
m;gtet,mægtet
m;gtig,mægtig
m;hlam,mæhlam
m;h;er,mæhæer
m;h;er,mæhæer
m;h;et,mæhæet
m;h;et,mæhæet
m;lden,mælden
m;lder,mælder
m;lede,mælede
m;lken,mælken
m;lker,mælker
m;lket,mælket
m;nade,mænade
m;ngde,mængde
m;nger,mænger
m;nget,mænget
m;rene,mærene
m;rkat,mærkat
m;rken,mærken
m;rker,mærker
m;rket,mærket
m;rset,mærset
m;sken,mæsken
m;sker,mæsker
m;sket,mæsket
m;thed,mæthed
m;tter,mætter
m;ttet,mættet
møl;dt,mølædt
n;bbes,næbbes
n;bbet,næbbet
n;bdyr,næbdyr
n;bene,næbene
n;gter,nægter
n;gtet,nægtet
n;lden,nælden
n;lder,nælder
n;nner,nænner
n;nnet,nænnet
n;nsom,nænsom
n;rede,nærede
n;rhed,nærhed
n;rige,nærige
n;rigt,nærigt
n;ring,næring
n;rlys,nærlys
n;rmer,nærmer
n;rmet,nærmet
n;rtog,nærtog
n;rved,nærved
n;rv;r,nærvær
n;sede,næsede
n;sset,næsset
n;sten,næsten
n;ster,næster
n;stet,næstet
n;svis,næsvis
n;tter,nætter
n;vner,nævner
n;vnet,nævnet
n;vnte,nævnte
old;vl,oldævl
omb;re,ombære
omh;ng,omhæng
opg;ld,opgæld
oph;ng,ophæng
oph;ve,ophæve
opl;re,oplære
opl;rt,oplært
opl;se,oplæse
opl;st,oplæst
opm;nd,opmænd
op;der,opæder
op;gge,opægge
orm;dt,ormædt
pal;er,palæer
pal;et,palæet
pj;kke,pjække
pj;ver,pjæver
pj;vet,pjævet
pj;vre,pjævre
pl;nen,plænen
pl;ner,plæner
pol;re,polære
pol;rt,polært
pr;cis,præcis
pr;ger,præger
pr;get,præget
pr;ken,præken
pr;ker,præker
pr;ket,præket
pr;lat,prælat
pr;mie,præmie
pr;mis,præmis
pr;rie,prærie
pr;ses,præses
p;glen,pæglen
p;gler,pægler
p;glet,pæglet
p;lede,pælede
p;lene,pælene
p;nere,pænere
p;nest,pænest
p;nhed,pænhed
p;onen,pæonen
p;oner,pæoner
påh;ng,påhæng
påk;re,påkære
rel;er,relæer
rel;et,relæet
r;bede,ræbede
r;bene,ræbene
r;ddes,ræddes
r;dsel,rædsel
r;dsom,rædsom
r;erne,ræerne
r;kken,rækken
r;kker,rækker
r;klen,ræklen
r;kler,rækler
r;ling,ræling
r;nken,rænken
r;nker,rænker
r;rene,rærene
r;rlig,rærlig
r;sede,ræsede
r;sene,ræsene
r;vene,rævene
råm;lk,råmælk
sab;er,sabæer
sf;ren,sfæren
sf;rer,sfærer
sj;kle,sjækle
sj;len,sjælen
sj;ler,sjæler
sj;let,sjælet
skr;mt,skræmt
skr;nt,skrænt
skr;ve,skræve
skr;vs,skrævs
sk;bne,skæbne
sk;fte,skæfte
sk;gge,skægge
sk;lde,skælde
sk;ldt,skældt
sk;lle,skælle
sk;lme,skælme
sk;lve,skælve
sk;mme,skæmme
sk;mte,skæmte
sk;nde,skænde
sk;ndt,skændt
sk;nen,skænen
sk;ner,skæner
sk;nke,skænke
sk;ppe,skæppe
sk;ren,skæren
sk;rer,skærer
sk;ret,skæret
sk;rfe,skærfe
sk;rme,skærme
sk;rpe,skærpe
sk;rve,skærve
sk;tte,skætte
sk;ven,skæven
sk;ver,skæver
sk;vet,skævet
sl;ber,slæber
sl;bet,slæbet
sl;bte,slæbte
sl;den,slæden
sl;der,slæder
sl;det,slædet
sl;gte,slægte
sl;kke,slække
sl;mme,slæmme
sl;nge,slænge
sl;ngt,slængt
sl;ver,slæver
sm;der,smæder
sm;det,smædet
sm;gte,smægte
sm;kke,smække
sm;kre,smækre
sm;lde,smælde
sn;bel,snæbel
sn;rer,snærer
sn;ret,snæret
sn;ver,snæver
sn;vre,snævre
spj;ld,spjæld
sp;der,spæder
sp;det,spædet
sp;ger,spæger
sp;get,spæget
sp;kke,spække
sp;nde,spænde
sp;ndt,spændt
sp;ner,spæner
sp;net,spænet
sp;ret,spæret
sp;rre,spærre
sp;tte,spætte
stj;le,stjæle
stj;rt,stjært
str;be,stræbe
str;bt,stræbt
str;de,stræde
st;der,stæder
st;dig,stædig
st;kke,stække
st;nge,stænge
st;ngt,stængt
st;nke,stænke
st;ren,stæren
st;rke,stærke
st;rkt,stærkt
st;ser,stæser
st;set,stæset
st;vne,stævne
sv;kke,svække
sv;lge,svælge
sv;ren,sværen
sv;rge,sværge
sv;rme,sværme
sv;rte,sværte
sv;ver,svæver
sv;vet,svævet
sy;ske,syæske
s;bede,sæbede
s;byer,sæbyer
s;dart,sædart
s;dfim,sædfim
s;kdyr,sækdyr
s;kken,sækken
s;kker,sækker
s;kket,sækket
s;ldød,sældød
s;lger,sælger
s;lkød,sælkød
s;lsom,sælsom
s;nken,sænken
s;nker,sænker
s;nket,sænket
s;rbor,særbor
s;reje,særeje
s;rhed,særhed
s;rken,særken
s;rlig,særlig
s;rlov,særlov
s;rsyn,særsyn
s;rtog,særtog
s;tere,sætere
s;tmål,sætmål
s;tter,sætter
s;ttet,sættet
s;tvis,sætvis
søm;nd,sømænd
søv;rn,søværn
såm;nd,såmænd
tj;ren,tjæren
tj;rer,tjærer
tj;ret,tjæret
tr;ben,træben
tr;buk,træbuk
tr;der,træder
tr;dør,trædør
tr;ede,træede
tr;ffe,træffe
tr;fri,træfri
tr;hus,træhus
tr;kke,trække
tr;kul,trækul
tr;lle,trælle
tr;lse,trælse
tr;løs,træløs
tr;ner,træner
tr;net,trænet
tr;nge,trænge
tr;ngt,trængt
tr;orm,træorm
tr;rod,trærod
tr;ske,træske
tr;sko,træsko
tr;top,trætop
tr;tte,trætte
tr;uld,træuld
tr;vle,trævle
tr;v;g,trævæg
tv;rer,tværer
tv;ret,tværet
tv;rsø,tværsø
tv;tte,tvætte
t;erne,tæerne
t;ften,tæften
t;kker,tækker
t;kkes,tækkes
t;kket,tækket
t;llen,tællen
t;ller,tæller
t;llet,tællet
t;mmer,tæmmer
t;mmet,tæmmet
t;nder,tænder
t;ndte,tændte
t;nger,tænger
t;nker,tænker
t;nkte,tænkte
t;pper,tæpper
t;ppes,tæppes
t;ppet,tæppet
t;rede,tærede
t;ring,tæring
t;rske,tærske
t;rten,tærten
t;rter,tærter
t;sker,tæsker
t;sket,tæsket
t;skne,tæskne
t;thed,tæthed
t;tner,tætner
t;tnet,tætnet
t;tter,tætter
t;ttet,tættet
t;vede,tævede
tån;se,tånæse
udb;re,udbære
udh;ng,udhæng
udh;ve,udhæve
udl;re,udlære
udl;rt,udlært
udl;se,udlæse
udl;st,udlæst
udt;re,udtære
ud;ske,udæske
ug;ret,ugæret
uj;vne,ujævne
uj;vnt,ujævnt
ul;kre,ulækre
ul;rde,ulærde
ul;ste,ulæste
urk;de,urkæde
urv;rk,urværk
ur;dde,urædde
ut;tte,utætte
uv;sen,uvæsen
van;re,vanære
vr;ler,vræler
vr;let,vrælet
vr;nge,vrænge
v;bner,væbner
v;bnet,væbnet
v;dder,vædder
v;ddet,væddet
v;dede,vædede
v;drer,vædrer
v;dret,vædret
v;ggen,væggen
v;grer,vægrer
v;gret,vægret
v;gten,vægten
v;gter,vægter
v;gtet,vægtet
v;gtig,vægtig
v;gure,vægure
v;kker,vækker
v;kket,vækket
v;lden,vælden
v;lder,vælder
v;ldet,vældet
v;ldig,vældig
v;lger,vælger
v;lige,vælige
v;ligt,væligt
v;lske,vælske
v;lten,vælten
v;lter,vælter
v;ltet,væltet
v;mmes,væmmes
v;nger,vænger
v;nget,vænget
v;nner,vænner
v;nnet,vænnet
v;rdig,værdig
v;rgen,værgen
v;rger,værger
v;rget,værget
v;ring,væring
v;rker,værker
v;rket,værket
v;rner,værner
v;rnet,værnet
v;rsgo,værsgo
;delse,ædelse
;deren,æderen
;derne,æderne
;dlere,ædlere
;dlest,ædlest
;ggede,æggede
;ggene,æggene
;ggeur,æggeur
;giden,ægiden
;gider,ægider
;gkant,ægkant
;gstål,ægstål
;gtede,ægtede
;gtevi,ægtevi
;gthed,ægthed
;g;isk,ægæisk
;klede,æklede
;klere,æklere
;klest,æklest
;kvale,ækvale
;kvalt,ækvalt
;ldede,ældede
;ldste,ældste
;lling,ælling
;ltede,æltede
;ltere,æltere
;ndrer,ændrer
;ndret,ændret
;ngste,ængste
;nsede,ænsede
;olisk,æolisk
;oners,æoners
;rbare,ærbare
;rbart,ærbart
;rek;r,ærekær
;reløs,æreløs
;rende,ærende
;rerig,ærerig
;rgrer,ærgrer
;rgret,ærgret
;rinde,ærinde
;rlige,ærlige
;rligt,ærligt
;rtede,ærtede
;røske,ærøske
;skede,æskede
;stime,æstime
;tanol,ætanol
;teren,æteren
;terne,æterne
;tling,ætling
;tsede,ætsede
;tylen,ætylen
;vlede,ævlede
,
adh;siv,adhæsiv
adr;tte,adrætte
ad;kvat,adækvat
afbl;se,afblæse
afbl;st,afblæst
afb;rer,afbærer
afd;kke,afdække
afd;mpe,afdæmpe
aff;ren,affæren
aff;rer,affærer
afg;rer,afgærer
afg;ret,afgæret
afh;nde,afhænde
afh;nge,afhænge
afh;ngt,afhængt
afh;rde,afhærde
afkl;de,afklæde
afkl;dt,afklædt
afkr;ve,afkræve
afl;gge,aflægge
afl;rer,aflærer
afl;rte,aflærte
afl;ser,aflæser
afl;sse,aflæsse
afl;ste,aflæste
afm;rke,afmærke
afp;ler,afpæler
afp;let,afpælet
afsk;re,afskære
afs;ber,afsæber
afs;bet,afsæbet
afs;tte,afsætte
aftr;de,aftræde
aft;lle,aftælle
afv;bne,afvæbne
afv;kst,afvækst
afv;nne,afvænne
afv;rge,afværge
af;sker,afæsker
af;sket,afæsket
af;tser,afætser
af;tset,afætset
aksgr;s,aksgræs
aluf;lg,alufælg
amtm;nd,amtmænd
anap;st,anapæst
anf;gte,anfægte
anl;gge,anlægge
anm;rke,anmærke
ans;tte,ansætte
ant;nde,antænde
ant;ndt,antændt
an;mien,anæmien
an;mier,anæmier
an;misk,anæmisk
aram;er,aramæer
arv;vet,arvævet
asketr;,asketræ
aspetr;,aspetræ
autod;k,autodæk
babys;l,babysæl
bagl;ns,baglæns
bagm;nd,bagmænd
bagsm;k,bagsmæk
bags;de,bagsæde
bagv;rk,bagværk
bed;kke,bedække
bef;ngt,befængt
bef;rde,befærde
bef;ste,befæste
begm;nd,begmænd
begr;de,begræde
begr;dt,begrædt
beg;rer,begærer
beg;ret,begæret
beh;fte,behæfte
beh;nge,behænge
beh;ngt,behængt
bekl;de,beklæde
bekl;dt,beklædt
bek;mpe,bekæmpe
bel;gge,belægge
bel;rer,belærer
bel;rte,belærte
bel;sse,belæsse
bel;ste,belæste
bem;rke,bemærke
benbr;k,benbræk
ben;gte,benægte
ben;vne,benævne
ben;vnt,benævnt
beost;r,beostær
bers;rk,bersærk
besj;le,besjæle
besk;re,beskære
besn;re,besnære
besv;re,besvære
bes;tte,besætte
betr;de,betræde
bet;ndt,betændt
bet;nke,betænke
bet;nkt,betænkt
bev;bne,bevæbne
bev;ger,bevæger
bev;get,bevæget
bev;rte,beværte
be;rede,beærede
bils;de,bilsæde
bil;gge,bilægge
bisel;g,biselæg
bisv;rm,bisværm
bis;tte,bisætte
bi;dere,biædere
bj;ffer,bjæffer
bj;ffet,bjæffet
bj;lden,bjælden
bj;lder,bjælder
bj;lken,bjælken
bj;lker,bjælker
bj;rger,bjærger
bj;rget,bjærget
blegn;b,blegnæb
bl;khat,blækhat
bl;khus,blækhus
bl;kker,blækker
bl;kket,blækket
bl;nden,blænden
bl;nder,blænder
bl;ndet,blændet
bl;nker,blænker
bl;rede,blærede
bl;sere,blæsere
bl;sten,blæsten
bl;vrer,blævrer
bl;vret,blævret
blår;ve,blåræve
bof;lle,bofælle
bogl;rd,boglærd
boldtr;,boldtræ
bolv;rk,bolværk
bom;rke,bomærke
bop;len,bopælen
bos;tte,bosætte
bramg;s,bramgæs
brikv;v,brikvæv
bromb;r,brombær
brov;gt,brovægt
br;dder,brædder
br;erne,bræerne
br;gede,brægede
br;kage,brækage
br;kker,brækker
br;kket,brækket
br;knød,bræknød
br;mmen,bræmmen
br;mmer,bræmmer
br;mmet,bræmmet
br;nder,brænder
br;ndet,brændet
br;ndte,brændte
br;tter,brætter
br;ttet,brættet
byget;t,bygetæt
bygv;rk,bygværk
b;geret,bægeret
b;grene,bægrene
b;karve,bækarve
b;kkene,bækkene
b;lgede,bælgede
b;lgene,bælgene
b;llede,bællede
b;ltede,bæltede
b;ndler,bændler
b;ndlet,bændlet
b;ndsel,bændsel
b;ndsle,bændsle
b;nkede,bænkede
b;nkene,bænkene
b;rbare,bærbare
b;rbart,bærbart
b;rebør,bærebør
b;rende,bærende
b;reren,bæreren
b;rerne,bærerne
b;rhøst,bærhøst
b;rrene,bærrene
b;rt;ge,bærtæge
b;velse,bævelse
b;vende,bævende
b;veren,bæveren
b;verne,bæverne
b;vning,bævning
b;vrede,bævrede
bøgeh;k,bøgehæk
bøgetr;,bøgetræ
bøhm;nd,bøhmænd
bålf;rd,bålfærd
båndv;v,båndvæv
coh;siv,cohæsiv
c;saren,cæsaren
c;sarer,cæsarer
c;suren,cæsuren
c;surer,cæsurer
dagsk;r,dagskær
dagv;rk,dagværk
dambr;t,dambræt
dampt;t,damptæt
damt;ge,damtæge
danekr;,danekræ
dern;st,dernæst
distr;t,distræt
di;tist,diætist
di;tmad,diætmad
dom;ner,domæner
dom;net,domænet
drypt;t,dryptæt
dr;bere,dræbere
dr;gger,drægger
dr;gget,drægget
dr;gtig,drægtig
dr;gtov,drægtov
dr;nage,drænage
dr;nede,drænede
dr;nene,drænene
dr;nere,drænere
dr;ning,dræning
dr;nker,drænker
dr;nket,drænket
dr;nrør,drænrør
dr;sine,dræsine
dr;tten,drætten
dr;tter,drætter
dr;ttet,drættet
dr;vede,drævede
dumfr;k,dumfræk
dv;lede,dvælede
dv;rgen,dværgen
dyrl;ge,dyrlæge
d;ggede,dæggede
d;kblad,dækblad
d;kfjer,dækfjer
d;kjern,dækjern
d;kkede,dækkede
d;kkene,dækkene
d;kmole,dækmole
d;knavn,dæknavn
d;kning,dækning
d;ksbåd,dæksbåd
d;ksler,dæksler
d;kslet,dækslet
d;kslip,dækslip
d;kssko,dækssko
d;ksten,dæksten
d;kstol,dækstol
d;ktryk,dæktryk
d;mmede,dæmmede
d;mning,dæmning
d;monen,dæmonen
d;moner,dæmoner
d;mpede,dæmpede
d;mpere,dæmpere
d;mrede,dæmrede
d;mring,dæmring
d;ngede,dængede
dødtr;t,dødtræt
dødv;gt,dødvægt
dørm;nd,dørmænd
edb-s;t,edb-sæt
eksm;nd,eksmænd
elit;re,elitære
elit;rt,elitært
elletr;,elletræ
elmetr;,elmetræ
elp;ren,elpæren
elp;rer,elpærer
emh;tte,emhætte
endetr;,endetræ
endev;g,endevæg
ens;det,ensædet
en;gget,enægget
erkl;re,erklære
erl;gge,erlægge
ern;rer,ernærer
ern;ret,ernæret
espetr;,espetræ
ets;det,etsædet
fad;sen,fadæsen
fad;ser,fadæser
fagl;rt,faglært
fagm;nd,fagmænd
fedtt;t,fedttæt
fedtv;v,fedtvæv
felth;r,felthær
fipsk;g,fipskæg
fjerkr;,fjerkræ
fjers;k,fjersæk
fjert;t,fjertæt
fj;lede,fjælede
fj;lene,fjælene
fj;rten,fjærten
fj;rter,fjærter
fj;rtet,fjærtet
fj;sene,fjæsene
fj;sing,fjæsing
flys;de,flysæde
fl;bede,flæbede
fl;bene,flæbene
fl;beri,flæberi
fl;gene,flægene
fl;kken,flækken
fl;kker,flækker
fl;kket,flækket
fl;ngen,flængen
fl;nger,flænger
fl;nget,flænget
fl;nser,flænser
fl;nset,flænset
fl;sede,flæsede
fl;sens,flæsens
fl;sker,flæsker
fl;sket,flæsket
fodsl;b,fodslæb
font;ne,fontæne
ford;kt,fordækt
ford;rv,fordærv
forf;gt,forfægt
forg;re,forgære
forh;ng,forhæng
fork;le,forkæle
forl;ns,forlæns
forl;se,forlæse
forl;st,forlæst
form;le,formæle
form;nd,formænd
forsm;k,forsmæk
fors;be,forsæbe
fors;de,forsæde
fortr;d,fortræd
fort;re,fortære
forv;nt,forvænt
for;der,foræder
for;dle,forædle
for;dte,forædte
for;lde,forælde
for;rer,forærer
for;ret,foræret
freml;g,fremlæg
frueb;r,fruebær
fr;khed,frækhed
fr;nden,frænden
fr;nder,frænder
fr;sede,fræsede
fr;sere,fræsere
frøm;nd,frømænd
fugle;g,fugleæg
fugtt;t,fugttæt
f;drene,fædrene
f;gtede,fægtede
f;gtere,fægtere
f;hoved,fæhoved
f;håret,fæhåret
f;ldede,fældede
f;lgene,fælgene
f;ndrik,fændrik
f;ngbar,fængbar
f;ngede,fængede
f;ngrør,fængrør
f;ngsel,fængsel
f;ngsle,fængsle
f;nomen,fænomen
f;pande,fæpande
f;rdene,færdene
f;rdige,færdige
f;rdigt,færdigt
f;rdsel,færdsel
f;rgede,færgede
f;rgeri,færgeri
f;riste,færiste
f;rrest,færrest
f;røbåd,færøbåd
f;røske,færøske
f;stede,fæstede
f;stemø,fæstemø
f;stere,fæstere
f;stner,fæstner
f;stnet,fæstnet
f;trene,fætrene
fåm;lte,fåmælte
gadek;r,gadekær
gal;ble,galæble
gangr;n,gangræn
gasv;rk,gasværk
gaver;s,gaveræs
gaves;k,gavesæk
gavlv;g,gavlvæg
gavntr;,gavntræ
geb;rde,gebærde
genf;rd,genfærd
geng;ld,gengæld
genl;se,genlæse
genl;st,genlæst
genm;le,genmæle
gensk;r,genskær
geod;si,geodæsi
gesj;ft,gesjæft
gev;kst,gevækst
gev;rer,geværer
gev;ret,geværet
glasv;g,glasvæg
glasv;v,glasvæv
glatv;k,glatvæk
gl;dede,glædede
gn;gger,gnægger
gn;gget,gnægget
grantr;,grantræ
gravg;s,gravgæs
gr;cist,græcist
gr;kere,grækere
gr;mmer,græmmer
gr;mmet,græmmet
gr;nsen,grænsen
gr;nser,grænser
gr;nset,grænset
gr;sart,græsart
gr;sfrø,græsfrø
gr;skar,græskar
gr;srod,græsrod
gr;sser,græsser
gr;sset,græsset
gr;stot,græstot
grøn;rt,grønært
gråp;re,gråpære
gråsk;g,gråskæg
gråv;rk,gråværk
g;kkede,gækkede
g;kkene,gækkene
g;ldfri,gældfri
g;ldsat,gældsat
g;leren,gæleren
g;lerne,gælerne
g;liske,gæliske
g;llede,gællede
g;lning,gælning
g;ngene,gængene
g;rbrød,gærbrød
g;rdede,gærdede
g;rdeje,gærdeje
g;rende,gærende
g;sling,gæsling
g;ssene,gæssene
g;stede,gæstede
g;steri,gæsteri
g;stfri,gæstfri
g;tning,gætning
g;ttede,gættede
g;ttene,gættene
g;tteri,gætteri
g;tv;rk,gætværk
halvd;k,halvdæk
halvv;g,halvvæg
hanr;ve,hanræve
havgr;s,havgræs
havm;nd,havmænd
hebr;er,hebræer
hern;st,hernæst
het;ren,hetæren
het;rer,hetærer
hindb;r,hindbær
hjuls;t,hjulsæt
hj;lmen,hjælmen
hj;lmer,hjælmer
hj;lpen,hjælpen
hj;lper,hjælper
hj;lpes,hjælpes
hofl;ge,hoflæge
honor;r,honorær
hudl;ge,hudlæge
hull;be,hullæbe
hunr;ve,hunræve
husl;ge,huslæge
husm;nd,husmænd
husv;rt,husvært
hv;lver,hvælver
hv;lvet,hvælvet
hv;sede,hvæsede
hv;sene,hvæsene
hv;sser,hvæsser
hv;sset,hvæsset
h;deren,hæderen
h;drede,hædrede
h;ftede,hæftede
h;geb;r,hægebær
h;gtede,hægtede
h;kbr;t,hækbræt
h;kdøre,hækdøre
h;kkene,hækkene
h;klede,hæklede
h;kling,hækling
h;ksaks,hæksaks
h;ldede,hældede
h;ldene,hældene
h;lebar,hælebar
h;leren,hæleren
h;lerne,hælerne
h;lflik,hælflik
h;lvten,hælvten
h;mmede,hæmmede
h;mning,hæmning
h;mofil,hæmofil
h;mv;rk,hæmværk
h;ngene,hængene
h;ngsel,hængsel
h;ngsle,hængsle
h;rchef,hærchef
h;rdede,hærdede
h;rderi,hærderi
h;rdner,hærdner
h;rdnet,hærdnet
h;rfugl,hærfugl
h;rgede,hærgede
h;rmyre,hærmyre
h;rv;rk,hærværk
h;slige,hæslige
h;sligt,hæsligt
h;ssene,hæssene
h;vdede,hævdede
h;velse,hævelse
h;vende,hævende
h;vetid,hævetid
h;vnakt,hævnakt
h;vnede,hævnede
h;vnere,hævnere
h;vning,hævning
højl;rd,højlærd
højs;de,højsæde
hønse;g,hønseæg
håndv;v,håndvæv
idems;t,idemsæt
idém;nd,idémænd
ih;rdig,ihærdig
ikl;der,iklæder
ikl;dte,iklædte
ildsj;l,ildsjæl
ildsk;r,ildskær
il;gger,ilægger
indk;re,indkære
indl;re,indlære
indl;rt,indlært
indl;se,indlæse
indl;st,indlæst
inds;be,indsæbe
indtr;k,indtræk
indt;gt,indtægt
indv;ve,indvæve
ind;dte,indædte
ingef;r,ingefær
insul;r,insulær
isbr;en,isbræen
isbr;er,isbræer
isb;ger,isbæger
isb;gre,isbægre
isd;kke,isdække
isl;gge,islægge
is;tter,isætter
jernh;l,jernhæl
jordb;r,jordbær
jordn;r,jordnær
juleg;s,julegæs
juler;s,juleræs
juletr;,juletræ
j;geren,jægeren
j;gerne,jægerne
j;rtegn,jærtegn
j;rvene,jærvene
j;ttens,jættens
j;vnede,jævnede
j;vnfør,jævnfør
j;vngod,jævngod
j;vnhed,jævnhed
j;vning,jævning
j;vnlig,jævnlig
j;vnmål,jævnmål
kamgr;s,kamgræs
kapit;l,kapitæl
kard;sk,kardæsk
kelsp;r,kelspær
kileh;l,kilehæl
kim;ren,kimæren
kim;rer,kimærer
kinah;l,kinahæl
kinatr;,kinatræ
klaptr;,klaptræ
kl;bede,klæbede
kl;brig,klæbrig
kl;glag,klæglag
kl;kker,klækker
kl;kket,klækket
knivs;g,knivsæg
kn;fald,knæfald
kn;frie,knæfrie
kn;frit,knæfrit
kn;gten,knægten
kn;gter,knægter
kn;gtet,knægtet
kn;hase,knæhase
kn;høje,knæhøje
kn;højt,knæhøjt
kn;kfri,knækfri
kn;kker,knækker
kn;kket,knækket
kn;kort,knækort
kn;lang,knælang
kn;lede,knælede
kn;lere,knælere
kn;skal,knæskal
koh;siv,kohæsiv
kolatr;,kolatræ
kontr;r,kontrær
korns;k,kornsæk
korsn;b,korsnæb
korv;rk,korværk
krog;st,krogæst
krom;nd,kromænd
krov;rt,krovært
kr;ften,kræften
kr;fter,kræfter
kr;mmer,kræmmer
kr;nger,krænger
kr;nget,krænget
kr;nker,krænker
kr;nket,krænket
kr;sede,kræsede
kr;sent,kræsent
kr;vede,krævede
kurg;st,kurgæst
kv;dete,kvædete
kv;gavl,kvægavl
kv;gede,kvægede
kv;gløs,kvægløs
kv;gtyv,kvægtyv
kv;kere,kvækere
kv;kken,kvækken
kv;kker,kvækker
kv;kket,kvækket
kv;lden,kvælden
kv;lder,kvælder
kv;ldet,kvældet
kv;lere,kvælere
kv;ller,kvæller
k-v;rdi,k-værdi
kv;rken,kværken
kv;rker,kværker
kv;rket,kværket
kv;rnen,kværnen
kv;rner,kværner
kv;rnet,kværnet
kv;ster,kvæster
kv;stet,kvæstet
kv;stor,kvæstor
kv;stur,kvæstur
kv;surt,kvæsurt
kystn;r,kystnær
kys;gte,kysægte
k;beben,kæbeben
k;berne,kæberne
k;dehus,kædehus
k;deled,kædeled
k;delås,kædelås
k;dende,kædende
k;derne,kæderne
k;derøg,kæderøg
k;desav,kædesav
k;ftede,kæftede
k;kkere,kækkere
k;kkest,kækkest
k;ledyr,kæledyr
k;lende,kælende
k;lkede,kælkede
k;lkene,kælkene
k;lling,kælling
k;lvede,kælvede
k;lveko,kælveko
k;mmede,kæmmede
k;mnere,kæmnere
k;mning,kæmning
k;mpede,kæmpede
k;nguru,kænguru
k;ntrer,kæntrer
k;ntret,kæntret
k;phest,kæphest
k;phøje,kæphøje
k;phøjt,kæphøjt
k;ppede,kæppede
k;ppene,kæppene
k;remål,kæremål
k;rende,kærende
k;renes,kærenes
k;reste,kæreste
k;rhøge,kærhøge
k;rlige,kærlige
k;rligt,kærligt
k;rmose,kærmose
k;rnede,kærnede
k;rning,kærning
k;rtegn,kærtegn
k;rvede,kærvede
k;rvene,kærvene
k;ttere,kættere
k;tteri,kætteri
k;tting,kætting
k;vlede,kævlede
k;vleri,kævleri
købm;nd,købmænd
kødkv;g,kødkvæg
kød;der,kødæder
køjes;k,køjesæk
lagm;nd,lagmænd
lakun;r,lakunær
lamin;r,laminær
langn;b,langnæb
langv;g,langvæg
lapid;r,lapidær
lapv;rk,lapværk
laurb;r,laurbær
lavm;lt,lavmælt
lejeh;r,lejehær
lejes;d,lejesæd
letl;st,letlæst
letm;lk,letmælk
letv;gt,letvægt
leuk;mi,leukæmi
leves;t,levesæt
ligf;rd,ligfærd
line;re,lineære
line;rt,lineært
livl;ge,livlæge
livsn;r,livsnær
livstr;,livstræ
lobul;r,lobulær
logop;d,logopæd
luftt;t,lufttæt
lyb;ksk,lybæksk
lydm;nd,lydmænd
lysk;de,lyskæde
lysp;re,lyspære
lyssk;r,lysskær
lysv;ld,lysvæld
lys;gte,lysægte
l;belyd,læbelyd
l;beløs,læbeløs
l;berne,læberne
l;b;lte,læbælte
l;ddike,læddike
l;derer,læderer
l;deret,læderet
l;gebog,lægebog
l;gedes,lægedes
l;gedom,lægedom
l;gehus,lægehus
l;gelig,lægelig
l;gende,lægende
l;gerne,lægerne
l;geråd,lægeråd
l;geurt,lægeurt
l;gfolk,lægfolk
l;ggede,læggede
l;ggene,læggene
l;ggere,læggere
l;gmand,lægmand
l;gm;nd,lægmænd
l;gning,lægning
l;gtede,lægtede
l;gtere,lægtere
l;gtrer,lægtrer
l;gtret,lægtret
l;kagen,lækagen
l;kager,lækager
l;katte,lækatte
l;kkede,lækkede
l;kkeri,lækkeri
l;kkert,lækkert
l;kning,lækning
l;krere,lækrere
l;krest,lækrest
l;kroge,lækroge
l;mmede,læmmede
l;mning,læmning
l;molen,læmolen
l;moler,læmoler
l;nende,lænende
l;ngden,længden
l;ngder,længder
l;ngere,længere
l;ngsel,længsel
l;ngste,længste
l;ngtes,længtes
l;nkede,lænkede
l;nsede,lænsede
l;rebog,lærebog
l;rende,lærende
l;renem,lærenem
l;reren,læreren
l;rerig,lærerig
l;rerne,lærerne
l;retid,læretid
l;rkene,lærkene
l;rkers,lærkers
l;rling,lærling
l;sbare,læsbare
l;sbart,læsbart
l;sebog,læsebog
l;sefag,læsefag
l;selig,læselig
l;selys,læselys
l;sende,læsende
l;seren,læseren
l;serne,læserne
l;sesal,læsesal
l;sfuld,læsfuld
l;siden,læsiden
l;skede,læskede
l;skure,læskure
l;sk;rm,læskærm
l;sning,læsning
l;spede,læspede
l;spere,læspere
l;ssede,læssede
l;ssene,læssene
l;ssere,læssere
løgsk;l,løgskæl
løjb;nk,løjbænk
løvv;rk,løvværk
mad;ble,madæble
magel;g,magelæg
makv;rk,makværk
maves;k,mavesæk
meg;ren,megæren
meg;rer,megærer
migr;ne,migræne
milep;l,milepæl
milit;r,militær
moder;s,moderæs
modtr;k,modtræk
modul;r,modulær
modv;gt,modvægt
mond;ne,mondæne
mond;nt,mondænt
monet;r,monetær
mor;nen,morænen
mor;ner,moræner
mul;sel,mulæsel
murv;rk,murværk
mur;nen,murænen
mur;ner,muræner
m;ander,mæander
m;cenat,mæcenat
m;cenen,mæcenen
m;cener,mæcener
m;fikke,mæfikke
m;glede,mæglede
m;glere,mæglere
m;gling,mægling
m;gtede,mægtede
m;gtige,mægtige
m;gtigt,mægtigt
m;lende,mælende
m;lkede,mælkede
m;lkeri,mælkeri
m;naden,mænaden
m;nader,mænader
m;ndene,mændene
m;ngden,mængden
m;ngder,mængder
m;ngede,mængede
m;rkbar,mærkbar
m;rkede,mærkede
m;rsene,mærsene
m;rserå,mærserå
m;skede,mæskede
m;tning,mætning
m;ttede,mættede
møl;dte,mølædte
møl;gte,mølægte
målm;nd,målmænd
natl;ge,natlæge
natm;nd,natmænd
nats;rk,natsærk
netv;rk,netværk
nidk;re,nidkære
nidk;rt,nidkært
norms;t,normsæt
nygr;sk,nygræsk
nyt;nke,nytænke
nyv;lge,nyvælge
nyv;rdi,nyværdi
n;bbede,næbbede
n;bhval,næbhval
n;gtede,nægtede
n;gtere,nægtere
n;nnede,nænnede
n;nsomt,nænsomt
n;rbane,nærbane
n;rende,nærende
n;rfart,nærfart
n;rkamp,nærkamp
n;rl;se,nærlæse
n;rl;st,nærlæst
n;rmede,nærmede
n;rmere,nærmere
n;rmest,nærmest
n;rpris,nærpris
n;seabe,næseabe
n;seben,næseben
n;sebor,næsebor
n;sehår,næsehår
n;selyd,næselyd
n;serne,næserne
n;serod,næserod
n;seryg,næseryg
n;setip,næsetip
n;ssene,næssene
n;stede,næstede
n;stene,næstene
n;svise,næsvise
n;svist,næsvist
n;veren,næveren
n;verne,næverne
n;vnene,nævnene
n;vnere,nævnere
n;vning,nævning
nåletr;,nåletræ
olietr;,olietræ
omb;rer,ombærer
omg;rde,omgærde
omh;lde,omhælde
omh;ldt,omhældt
omkl;de,omklæde
omkl;dt,omklædt
oml;gge,omlægge
oml;sse,omlæsse
omsk;re,omskære
oms;tte,omsætte
omv;lte,omvælte
opbl;st,opblæst
opd;mme,opdæmme
oph;nge,ophænge
oph;ngt,ophængt
oph;ver,ophæver
oph;vet,ophævet
opkl;be,opklæbe
opkr;ve,opkræve
opl;gge,oplægge
opl;rer,oplærer
opl;rte,oplærte
opl;ser,oplæser
opl;ste,oplæste
opm;rke,opmærke
opsk;re,opskære
opsp;de,opspæde
ops;tte,opsætte
optr;de,optræde
optr;ne,optræne
opt;lle,optælle
opt;nde,optænde
opt;ndt,optændt
opt;nke,optænke
opt;nkt,optænkt
opv;kke,opvække
opv;kst,opvækst
op;gger,opægger
op;gget,opægget
ordin;r,ordinær
ordl;re,ordlære
orm;dte,ormædte
ortop;d,ortopæd
overd;k,overdæk
overg;r,overgær
overl;g,overlæg
overl;s,overlæs
overm;t,overmæt
pak;sel,pakæsel
papm;lk,papmælk
papn;se,papnæse
pap;ske,papæske
pig;ble,pigæble
piletr;,piletræ
pilsk;v,pilskæv
pivut;t,pivutæt
pj;kker,pjækker
pj;kket,pjækket
pj;vede,pjævede
pj;vrer,pjævrer
pj;vret,pjævret
pl;dere,plædere
popul;r,populær
portr;t,portræt
posts;k,postsæk
prek;re,prekære
prek;rt,prekært
prim;re,primære
prim;rt,primært
propm;t,propmæt
pr;cise,præcise
pr;cist,præcist
pr;dike,prædike
pr;erne,præerne
pr;fekt,præfekt
pr;fiks,præfiks
pr;gede,prægede
pr;gene,prægene
pr;gere,prægere
pr;gtig,prægtig
pr;kede,prækede
pr;mien,præmien
pr;mier,præmier
pr;rien,prærien
pr;rier,prærier
pr;sens,præsens
pr;sent,præsent
pr;sten,præsten
pr;ster,præster
puf;rme,pufærme
pygm;en,pygmæen
pygm;er,pygmæer
p;dagog,pædagog
p;dofil,pædofil
p;glede,pæglede
p;glene,pæglene
p;leorm,pæleorm
p;lerod,pælerod
p;onrød,pæonrød
p;relet,pærelet
p;renem,pærenem
p;rerne,pærerne
p;retr;,pæretræ
påkl;be,påklæbe
påkl;de,påklæde
påkl;dt,påklædt
påk;rer,påkærer
påk;ret,påkæret
pål;gge,pålægge
påske;g,påskeæg
pås;tte,påsætte
påt;nke,påtænke
påt;nkt,påtænkt
radi;re,radiære
radi;rt,radiært
rajgr;s,rajgræs
rapgr;s,rapgræs
raskv;k,raskvæk
regns;t,regnsæt
regnt;t,regntæt
regul;r,regulær
remtr;k,remtræk
res;tte,resætte
retf;rd,retfærd
retr;te,retræte
rigm;nd,rigmænd
rings;l,ringsæl
rumm;nd,rummænd
rumv;gt,rumvægt
rum;ner,rumæner
rum;nsk,rumænsk
r;ddike,ræddike
r;dslen,rædslen
r;dsler,rædsler
r;dsomt,rædsomt
r;kv;rk,rækværk
r;verød,ræverød
rødk;lk,rødkælk
rådm;nd,rådmænd
råst;rk,råstærk
råtr;et,råtræet
sab;ere,sabæere
sab;isk,sabæisk
saksn;b,saksnæb
sal;rer,salærer
sal;ret,salæret
saml;se,samlæse
saml;st,samlæst
sands;k,sandsæk
sanit;r,sanitær
savv;rk,savværk
sch;fer,schæfer
sejtr;k,sejtræk
sekul;r,sekulær
sf;risk,sfærisk
sj;kkel,sjækkel
sj;klen,sjæklen
sj;kler,sjækler
sj;klet,sjæklet
sj;lden,sjælden
sj;ldne,sjældne
sj;lede,sjælede
sj;lene,sjælene
sj;lere,sjælere
sj;lero,sjælero
sj;lløs,sjælløs
sj;lsrå,sjælsrå
skal;re,skalære
skal;rt,skalært
skand;k,skandæk
skarab;,skarabæ
skelp;l,skelpæl
skoh;le,skohæle
skol;st,skolæst
skon;se,skonæse
skovb;r,skovbær
skr;lle,skrælle
skr;mme,skræmme
skr;mte,skræmte
skr;ppe,skræppe
skr;ver,skræver
skr;vet,skrævet
skråv;g,skråvæg
skv;tte,skvætte
sk;bnen,skæbnen
sk;bner,skæbner
sk;fter,skæfter
sk;ftet,skæftet
sk;gabe,skægabe
sk;gget,skægget
sk;ghår,skæghår
sk;glav,skæglav
sk;gløs,skægløs
sk;lden,skælden
sk;lder,skælder
sk;ldte,skældte
sk;ldud,skældud
sk;ldyr,skældyr
sk;lhat,skælhat
sk;llak,skællak
sk;ller,skæller
sk;llet,skællet
sk;lmen,skælmen
sk;lmsk,skælmsk
sk;lrod,skælrod
sk;lven,skælven
sk;lver,skælver
sk;lvet,skælvet
sk;mmer,skæmmer
sk;mmet,skæmmet
sk;mten,skæmten
sk;mter,skæmter
sk;mtet,skæmtet
sk;nder,skænder
sk;ndes,skændes
sk;ndet,skændet
sk;ndig,skændig
sk;ndne,skændne
sk;ndte,skændte
sk;nken,skænken
sk;nker,skænker
sk;nket,skænket
sk;ppen,skæppen
sk;pper,skæpper
sk;ppet,skæppet
sk;rbar,skærbar
sk;rene,skærene
sk;rfer,skærfer
sk;rfet,skærfet
sk;ring,skæring
sk;rmen,skærmen
sk;rmer,skærmer
sk;rmet,skærmet
sk;rpen,skærpen
sk;rper,skærper
sk;rpet,skærpet
sk;rven,skærven
sk;rver,skærver
sk;tter,skætter
sk;ttet,skættet
sk;vede,skævede
sk;vere,skævere
sk;vert,skævert
sk;vhed,skævhed
slims;k,slimsæk
sl;bene,slæbene
sl;bere,slæbere
sl;dede,slædede
sl;gten,slægten
sl;gter,slægter
sl;gtet,slægtet
sl;kker,slækker
sl;kket,slækket
sl;mmer,slæmmer
sl;mmet,slæmmet
sl;nger,slænger
sl;nget,slænget
sl;ngte,slængte
sl;tten,slætten
sm;dede,smædede
sm;gter,smægter
sm;gtet,smægtet
sm;kfed,smækfed
sm;kken,smækken
sm;kker,smækker
sm;kket,smækket
sm;kkys,smækkys
sm;klås,smæklås
sm;lder,smælder
sm;ldet,smældet
småk;vl,småkævl
sned;kt,snedækt
snek;de,snekæde
snem;nd,snemænd
sn;blen,snæblen
sn;bler,snæbler
sn;rede,snærede
sn;vert,snævert
sn;vrer,snævrer
sn;vret,snævret
solit;r,solitær
sol;gte,solægte
spard;k,spardæk
spejl;g,spejlæg
spj;lde,spjælde
spj;tte,spjætte
sprog;t,sprogæt
spr;kke,sprække
spr;lle,sprælle
spr;lsk,sprælsk
spr;nge,sprænge
spr;ngt,sprængt
spr;tte,sprætte
sp;dede,spædede
sp;dlam,spædlam
sp;gede,spægede
sp;kker,spækker
sp;kket,spækket
sp;klag,spæklag
sp;nder,spænder
sp;ndet,spændet
sp;ndte,spændte
sp;nede,spænede
sp;rene,spærene
sp;rfag,spærfag
sp;rren,spærren
sp;rrer,spærrer
sp;rret,spærret
sp;tten,spætten
sp;tter,spætter
sp;ttet,spættet
spåm;nd,spåmænd
stamtr;,stamtræ
stim;nd,stimænd
stj;ler,stjæler
stopm;t,stopmæt
str;ben,stræben
str;ber,stræber
str;bet,stræbet
str;bte,stræbte
str;der,stræder
str;det,strædet
str;kke,strække
st;dige,stædige
st;digt,stædigt
st;kker,stækker
støvt;t,støvtæt
super;g,superæg
surm;lk,surmælk
suver;n,suveræn
svane;g,svaneæg
s;belud,sæbelud
s;berne,sæberne
s;beurt,sæbeurt
s;beøje,sæbeøje
s;bynit,sæbynit
s;dbank,sædbank
s;debad,sædebad
s;delig,sædelig
s;derne,sæderne
s;dvane,sædvane
s;kfuld,sækfuld
s;kkede,sækkede
s;kkene,sækkene
s;lerne,sælerne
s;lgere,sælgere
s;lhund,sælhund
s;ljagt,sæljagt
s;llert,sællert
s;lsomt,sælsomt
s;lunge,sælunge
s;nkede,sænkede
s;nkene,sænkene
s;nklod,sænklod
s;rbarn,særbarn
s;rboer,særboer
s;rboet,særboet
s;rbørn,særbørn
s;regen,særegen
s;regne,særegne
s;rejer,særejer
s;rejet,særejet
s;rkene,særkene
s;rlige,særlige
s;rligt,særligt
s;rling,særling
s;rlove,særlove
s;rpris,særpris
s;rpr;g,særpræg
s;rskat,særskat
s;rtryk,særtryk
s;rtr;k,særtræk
s;sonen,sæsonen
s;soner,sæsoner
s;tbold,sætbold
s;teren,sæteren
s;terne,sæterne
s;tning,sætning
s;ttene,sættene
s;ttere,sættere
s;tteri,sætteri
s;tvise,sætvise
sødm;lk,sødmælk
sølvkr;,sølvkræ
sølvr;v,sølvræv
søm;rke,sømærke
søst;rk,søstærk
søs;tte,søsætte
søv;rts,søværts
sålb;nk,sålbænk
sås;den,såsæden
tagsk;g,tagskæg
tagv;rk,tagværk
takstr;,takstræ
tales;t,talesæt
tamkv;g,tamkvæg
tands;t,tandsæt
tarmv;g,tarmvæg
teaktr;,teaktræ
tegns;t,tegnsæt
teh;tte,tehætte
teltp;l,teltpæl
tern;re,ternære
tern;rt,ternært
till;re,tillære
till;rt,tillært
titul;r,titulær
tj;rede,tjærede
tj;ring,tjæring
tos;det,tosædet
tovv;rk,tovværk
to;gget,toægget
trof;er,trofæer
trof;et,trofæet
trok;en,trokæen
trok;er,trokæer
tr;bord,træbord
tr;b;nk,træbænk
tr;båds,træbåds
tr;døre,trædøre
tr;erne,træerne
tr;ffer,træffer
tr;ffes,træffes
tr;ffet,træffet
tr;flis,træflis
tr;frie,træfrie
tr;frit,træfrit
tr;gavl,trægavl
tr;ghed,træghed
tr;gulv,trægulv
tr;hest,træhest
tr;huse,træhuse
tr;kdyr,trækdyr
tr;kken,trækken
tr;kker,trækker
tr;kkes,trækkes
tr;kket,trækket
tr;kors,trækors
tr;ktøj,træktøj
tr;last,trælast
tr;ldom,trældom
tr;llen,trællen
tr;ller,træller
tr;llet,trællet
tr;loft,træloft
tr;lsom,trælsom
tr;løse,træløse
tr;løst,træløst
tr;mand,træmand
tr;m;nd,træmænd
tr;nede,trænede
tr;nere,trænere
tr;nger,trænger
tr;nges,trænges
tr;ngte,trængte
tr;ning,træning
tr;olie,træolie
tr;pind,træpind
tr;snit,træsnit
tr;sort,træsort
tr;spån,træspån
tr;stol,træstol
tr;stub,træstub
tr;thed,træthed
tr;tten,trætten
tr;tter,trætter
tr;ttes,trættes
tr;ttet,trættet
tr;vare,trævare
tr;vlen,trævlen
tr;vler,trævler
tr;vlet,trævlet
tr;v;rk,træværk
trådv;v,trådvæv
tv-v;rt,tv-vært
tv;rede,tværede
tv;rfag,tværfag
tv;rhed,tværhed
tv;rmål,tværmål
tv;rreb,tværreb
tv;rsum,tværsum
tv;rtom,tværtom
tv;rvej,tværvej
tv;tter,tvætter
tv;ttet,tvættet
tykm;lk,tykmælk
t;ftene,tæftene
t;gerne,tægerne
t;kkede,tækkede
t;kkere,tækkere
t;kning,tækning
t;llede,tællede
t;llere,tællere
t;lling,tælling
t;mmede,tæmmede
t;mning,tæmning
t;ndbar,tændbar
t;ndere,tændere
t;nding,tænding
t;ndrør,tændrør
t;nkbar,tænkbar
t;nkere,tænkere
t;nksom,tænksom
t;ppede,tæppede
t;rskel,tærskel
t;rsker,tærsker
t;rsket,tærsket
t;skede,tæskede
t;t-lav,tæt-lav
t;tnede,tætnede
t;tning,tætning
t;ttede,tættede
t;ttere,tættere
t;ttest,tættest
t;vende,tævende
t;verne,tæverne
tørm;lk,tørmælk
tån;sen,tånæsen
tån;ser,tånæser
ub;ndig,ubændig
ub;rlig,ubærlig
udbl;se,udblæse
udbl;st,udblæst
udb;rer,udbærer
udfr;se,udfræse
udf;lde,udfælde
udh;nge,udhænge
udh;ngt,udhængt
udh;ver,udhæver
udh;vet,udhævet
udj;vne,udjævne
udkl;dt,udklædt
udkr;ve,udkræve
udk;mpe,udkæmpe
udl;gge,udlægge
udl;nge,udlænge
udl;rer,udlærer
udl;rte,udlærte
udl;ser,udlæser
udl;ste,udlæste
udm;rke,udmærke
udn;vne,udnævne
udn;vnt,udnævnt
udsk;re,udskære
uds;den,udsæden
uds;lge,udsælge
uds;tte,udsætte
udtr;de,udtræde
udtv;re,udtvære
udt;nke,udtænke
udt;nkt,udtænkt
udt;rer,udtærer
udt;ret,udtæret
udv;kst,udvækst
udv;lge,udvælge
ud;kket,udækket
ud;mpet,udæmpet
ud;sker,udæsker
ud;sket,udæsket
uf;rdig,ufærdig
ug;rede,ugærede
uh;mmet,uhæmmet
uk;rlig,ukærlig
uline;r,ulineær
ul;kker,ulækker
um;rket,umærket
um;ttet,umættet
undv;re,undvære
ungef;r,ungefær
ungkv;g,ungkvæg
ungm;nd,ungmænd
upr;cis,upræcis
urf;dre,urfædre
urk;den,urkæden
urk;der,urkæder
ur;mien,uræmien
ur;mier,uræmier
ur;misk,uræmisk
utr;net,utrænet
ut;mmet,utæmmet
ut;thed,utæthed
uvul;re,uvulære
uvul;rt,uvulært
uv;rdig,uværdig
vandt;t,vandtæt
van;ren,vanæren
van;rer,vanærer
van;ret,vanæret
vedh;ng,vedhæng
vedt;gt,vedtægt
velf;rd,velfærd
velv;re,velvære
vildg;s,vildgæs
vindt;t,vindtæt
vism;nd,vismænd
vognd;k,vogndæk
vognl;s,vognlæs
vr;lede,vrælede
vr;lene,vrælene
vr;nger,vrænger
vr;nget,vrænget
vulg;re,vulgære
vulg;rt,vulgært
v;bnede,væbnede
v;bnere,væbnere
v;bning,væbning
v;ddede,væddede
v;ddere,væddere
v;delse,vædelse
v;drede,vædrede
v;gavis,vægavis
v;gerne,vægerne
v;gfast,vægfast
v;gfelt,vægfelt
v;ggene,væggene
v;gkort,vægkort
v;grede,vægrede
v;gring,vægring
v;gskab,vægskab
v;gtede,vægtede
v;gtene,vægtene
v;gtere,vægtere
v;gtige,vægtige
v;gtigt,vægtigt
v;gtlod,vægtlod
v;gtløs,vægtløs
v;gttab,vægttab
v;guret,væguret
v;kkede,vækkede
v;kkere,vækkere
v;kkeur,vækkeur
v;kning,vækning
v;ksten,væksten
v;kster,vækster
v;ldede,vældede
v;ldene,vældene
v;ldige,vældige
v;ldigt,vældigt
v;lgere,vælgere
v;lling,vælling
v;ltede,væltede
v;nnede,vænnede
v;rdien,værdien
v;rdier,værdier
v;rdige,værdige
v;rdigt,værdigt
v;rdsat,værdsat
v;relse,værelse
v;rfter,værfter
v;rftet,værftet
v;rgede,værgede
v;rkede,værkede
v;rktøj,værktøj
v;rling,værling
v;rnede,værnede
v;rnene,værnene
v;rnere,værnere
v;rtdyr,værtdyr
v;rtens,værtens
v;rtsby,værtsby
v;sener,væsener
v;senet,væsenet
v;skede,væskede
v;vebom,vævebom
v;vekam,vævekam
v;veren,væveren
v;verne,væverne
v;vling,vævling
v;vning,vævning
yderv;g,ydervæg
;blemos,æblemos
;blerne,æblerne
;bletr;,æbletræ
;blevin,æblevin
;dedolk,ædedolk
;deflip,ædeflip
;delhed,ædelhed
;delmod,ædelmod
;delsen,ædelsen
;delyst,ædelyst
;deriet,æderiet
;detrug,ædetrug
;gbakke,ægbakke
;gcelle,ægcelle
;gdonor,ægdonor
;ggegul,æggegul
;ggeløb,æggeløb
;ggemad,æggemad
;ggemme,æggemme
;ggeure,æggeure
;ghoved,æghoved
;gleder,ægleder
;gtepar,ægtepar
;gterne,ægterne
;gtevie,ægtevie
;gteviv,ægteviv
;gvende,ægvende
;gvendt,ægvendt
;gypter,ægypter
;g;iske,ægæiske
;kelhed,ækelhed
;kvator,ækvator
;kvitet,ækvitet
;ldning,ældning
;lteren,ælteren
;lterne,ælterne
;ltning,æltning
;nderne,ænderne
;ndrede,ændrede
;ndring,ændring
;ngster,ængster
;ngstet,ængstet
;nsedes,ænsedes
;nsende,ænsende
;oliske,æoliske
;onerne,æonerne
;raerne,æraerne
;rbødig,ærbødig
;refuld,ærefuld
;rek;re,ærekære
;rek;rt,ærekært
;reløse,æreløse
;reløst,æreløst
;rerige,ærerige
;rerigt,ærerigt
;resord,æresord
;ressag,æressag
;rgrede,ærgrede
;rinder,ærinder
;rindet,ærindet
;rkedum,ærkedum
;rmegab,ærmegab
;rmeløs,ærmeløs
;rmerne,ærmerne
;rteris,ærteris
;rterne,ærterne
;rtstor,ærtstor
;røboen,ærøboen
;røboer,ærøboer
;selføl,æselføl
;selryg,æselryg
;seløre,æseløre
;skerne,æskerne
;slerne,æslerne
;steten,æsteten
;steter,æsteter
;stetik,æstetik
;stimat,æstimat
;terisk,æterisk
;tlinge,ætlinge
;tsende,ætsende
;tsenål,ætsenål
;tskali,ætskali
;tsning,ætsning
;tstryk,ætstryk
;tterne,ætterne
øje;ble,øjeæble
økom;lk,økomælk
ølg;ren,ølgæren
ørel;ge,ørelæge
øret;ve,øretæve
ørnen;b,ørnenæb
ålegr;s,ålegræs
årr;kke,årrække
årsv;rk,årsværk