d',dø
g',gø
h',hø
k',kø
m',mø
p',pø
s',sø
t',tø
d,ød
f,øf
g,øg
h,øh
j,øj
l,øl
m,øm
r,ør
s,øs
v,øv
b'd,bød
b'f,bøf
b'g,bøg
b'h,bøh
b'n,bøn
b'r,bør
b's,bøs
d'd,død
d'm,døm
d'n,døn
d'r,dør
d's,døs
d'v,døv
fr',frø
f'd,fød
f'g,føg
f'j,føj
f'l,føl
f'n,føn
f'r,før
g'd,gød
g'g,gøg
g'r,gør
g's,gøs
h'g,høg
h'j,høj
h'r,hør
kl',klø
k'b,køb
k'd,kød
k'l,køl
k'n,køn
k'r,kør
k's,køs
l'b,løb
l'd,lød
l'g,løg
l'j,løj
l'n,løn
l's,løs
l'v,løv
m'f,møf
m'g,møg
m'l,møl
m'r,mør
m's,møs
m'v,møv
n'd,nød
n'k,nøk
n'l,nøl
n's,nøs
p'j,pøj
p'l,pøl
p's,pøs
r'd,rød
r'g,røg
r'n,røn
r'r,rør
r'v,røv
s'b,søb
s'd,sød
s'm,søm
s'n,søn
s's,søs
t'f,tøf
t'j,tøj
t'r,tør
t's,tøs
t'v,tøv
bo,øbo
de,øde
en,øen
er,øer
ge,øge
je,øje
mt,ømt
re,øre
rn,ørn
rt,ørt
se,øse
st,øst
ve,øve
adj',adjø
apn',apnø
bl'd,blød
br'd,brød
br'k,brøk
br'l,brøl
b'de,bøde
b'ge,bøge
b'je,bøje
b're,børe
b'rn,børn
b'rs,børs
b'se,bøse
b'st,bøst
b'vl,bøvl
b'vs,bøvs
dr'j,drøj
dr'm,drøm
dr'n,drøn
dr'v,drøv
d'be,døbe
d'bt,døbt
d'de,døde
d'dt,dødt
d'gn,døgn
d'je,døje
d'jt,døjt
d'mt,dømt
d'ne,døne
d're,døre
d'rg,dørg
d'rk,dørk
d'se,døse
d've,døve
d'vt,døvt
fl'd,flød
fl'j,fløj
fl's,fløs
fn's,fnøs
fr's,frøs
f'de,føde
f'dt,født
f'je,føje
f'le,føle
f'lt,følt
f'ne,føne
f're,føre
f'rn,førn
f'rt,ført
gl'd,glød
gr'd,grød
gr'n,grøn
g'de,gøde
g'en,gøen
g'et,gøet
g'ge,gøge
g'gl,gøgl
g're,gøre
g'se,gøse
h'et,høet
h'ge,høge
h'je,høje
h'jt,højt
h'ne,høne
h'ns,høns
h're,høre
h'rm,hørm
h'rt,hørt
h'st,høst
h'vl,høvl
j'de,jøde
kl'e,kløe
kl'r,klør
kl's,kløs
kn's,knøs
kr'b,krøb
kr'l,krøl
k'be,købe
k'bt,købt
k'en,køen
k'er,køer
k'je,køje
k'le,køle
k'nt,kønt
k're,køre
k'rt,kørt
l'be,løbe
l'ft,løft
l'gn,løgn
l'je,løje
l'jt,løjt
l'se,løse
l'ss,løss
l'st,løst
l've,løve
mj'd,mjød
mj'l,mjøl
m'de,møde
m'dt,mødt
m'en,møen
m'er,møer
m'ge,møge
m'je,møje
m'nt,mønt
m're,møre
m'rk,mørk
m'rt,mørt
m've,møve
nev',nevø
n'de,nøde
n'dt,nødt
n'je,nøje
n'le,nøle
n'rd,nørd
od'r,odør
oh'j,ohøj
opt',optø
pl'k,pløk
pl's,pløs
p'jt,pøjt
p'le,pøle
p'se,pøse
r'be,røbe
r'de,røde
r'dt,rødt
r'ge,røge
r'gt,røgt
r'mt,rømt
r're,røre
r'rt,rørt
r'se,røse
r'st,røst
r've,røve
sk'd,skød
sk'n,skøn
sk'r,skør
sl'j,sløj
sl'r,slør
sl'v,sløv
sm'g,smøg
sm'l,smøl
sm'r,smør
små',småø
sn'd,snød
sn'r,snør
sp'g,spøg
str',strø
st'b,støb
st'd,stød
st'j,støj
st'n,støn
st'r,stør
st't,støt
st'v,støv
sv'b,svøb
s'be,søbe
s'de,søde
s'dt,sødt
s'en,søen
s'er,søer
s'ge,søge
s'gn,søgn
s'gt,søgt
s'ko,søko
s'le,søle
s'lv,sølv
s'vn,søvn
t'et,tøet
t'jr,tøjr
udd',uddø
ut'j,utøj
dem,ødem
der,øder
det,ødet
ffe,øffe
ger,øger
get,øget
gle,øgle
hav,øhav
jer,øjer
jet,øjet
jne,øjne
kse,økse
lle,ølle
mme,ømme
ren,øren
rer,ører
ret,øret
rle,ørle
rne,ørne
sen,øsen
ser,øser
ste,øste
ver,øver
vet,øvet
vre,øvre
ål'b,åløb
adl'd,adlød
afd'd,afdød
afg'r,afgør
afl'b,afløb
afl's,afløs
akt'r,aktør
am'be,amøbe
anf'r,anfør
anl'b,anløb
ans'g,ansøg
bed'm,bedøm
bel'b,beløb
bel'j,beløj
bes'g,besøg
bet'd,betød
bilk',bilkø
bj'rn,bjørn
bl'de,bløde
bl'dt,blødt
br'de,brøde
br'le,brøle
br'nd,brønd
br'st,brøst
b'den,bøden
b'der,bøder
b'det,bødet
b'dle,bødle
b'ffe,bøffe
b'gen,bøgen
b'ger,bøger
b'get,bøget
b'jen,bøjen
b'jer,bøjer
b'jet,bøjet
b'jle,bøjle
b'lge,bølge
b'lle,bølle
b'nne,bønne
b'ren,børen
b'rge,børge
b'rst,børst
b'sse,bøsse
b'tte,bøtte
b'vet,bøvet
b'vse,bøvse
dr'je,drøje
dr'jt,drøjt
dr'mt,drømt
dr'ne,drøne
dus'r,dusør
dybs',dybsø
d'ber,døber
d'bte,døbte
d'den,døden
d'der,døder
d'det,dødet
d'dis,dødis
d'jer,døjer
d'jet,døjet
d'lge,dølge
d'lle,dølle
d'mme,dømme
d'mte,dømte
d'ner,døner
d'net,dønet
d'nne,dønne
d'ren,døren
d'rke,dørke
d'sen,døsen
d'ser,døser
d'set,døset
d'sig,døsig
d'tre,døtre
d'ver,døver
d'vet,døvet
en're,enøre
fad'l,fadøl
fam's,famøs
fav'r,favør
fl'de,fløde
fl'je,fløje
fl'jl,fløjl
fl'jt,fløjt
fl'se,fløse
fr'en,frøen
fr'er,frøer
fr'et,frøet
f'den,føden
f'der,føder
f'det,fødet
f'de',fødeø
f'dte,fødte
f'get,føget
f'jer,føjer
f'jet,føjet
f'jte,føjte
f'ler,føler
f'lge,følge
f'lte,følte
f'nen,fønen
f'ner,føner
f'net,fønet
f'rer,fører
f'res,føres
f'ret,føret
f'rst,først
f'rte,førte
f'tus,føtus
geh'r,gehør
gl'de,gløde
gl'gg,gløgg
gr'de,grøde
gr'ft,grøft
gr'nt,grønt
g'der,gøder
g'det,gødet
g'ede,gøede
g'gen,gøgen
g'gle,gøgle
g'nge,gønge
g'ren,gøren
g'sen,gøsen
halv',halvø
hend',hendø
hum'r,humør
h'fde,høfde
h'gen,høgen
h'jde,højde
h'jen,højen
h'jne,højne
h'jre,højre
h'jst,højst
h'ker,høker
h'kre,høkre
h'læs,hølæs
h'nen,hønen
h'ner,høner
h'nse,hønse
h'rer,hører
h'rig,hørig
h'rme,hørme
h'rte,hørte
h'ste,høste
h'tyv,høtyv
h'ved,høved
h'vle,høvle
id'mt,idømt
if're,iføre
if'rt,iført
inds',indsø
ir're,irøre
ir'rt,irørt
j'den,jøden
j'der,jøder
j'kel,jøkel
kl'en,kløen
kl'er,kløer
kl'et,kløet
kl'ft,kløft
kl'gt,kløgt
kl'js,kløjs
kl'ne,kløne
kl'se,kløse
kl've,kløve
kn'se,knøse
koge',kogeø
kom'g,komøg
ko'je,koøje
kr'ge,krøge
kr'je,krøje
kul'r,kulør
k'ber,køber
k'bet,købet
k'bte,købte
k'det,kødet
k'jen,køjen
k'jer,køjer
k'len,kølen
k'ler,køler
k'let,kølet
k'lig,kølig
k'lle,kølle
k'lne,kølne
k'nne,kønne
k'rer,kører
k'rne,kørne
k'rom,kørom
k'rte,kørte
k'ter,køter
lik'r,likør
lim's,limøs
lup's,lupøs
l'ben,løben
l'ber,løber
l'bet,løbet
l'bsk,løbsk
l'den,løden
l'dig,lødig
l'fte,løfte
l'get,løget
l'gne,løgne
l'jen,løjen
l'jer,løjer
l'jet,løjet
l'jpe,løjpe
l'kke,løkke
l'nne,lønne
l'sen,løsen
l'ser,løser
l'ses,løses
l'sne,løsne
l'ste,løste
l'ver,løver
l'ves,løves
l'vet,løvet
mal'r,malør
milj',miljø
min'r,minør
m'bel,møbel
m'der,møder
m'des,mødes
m'det,mødet
m'dig,mødig
m'dom,mødom
m'dre,mødre
m'dte,mødte
m'ffe,møffe
m'ger,møger
m'get,møget
m'gso,møgso
m'jen,møjen
m'lle,mølle
m'nbo,mønbo
m'nje,mønje
m'nne,mønne
m'nsk,mønsk
m'nte,mønte
m'rke,mørke
m'rkt,mørkt
m'rne,mørne
m'ver,møver
m'vet,møvet
ni'je,niøje
n'dde,nødde
n'den,nøden
n'der,nøder
n'dig,nødig
n'dte,nødte
n'fle,nøfle
n'gen,nøgen
n'gle,nøgle
n'gne,nøgne
n'jer,nøjer
n'jes,nøjes
n'jet,nøjet
n'kke,nøkke
n'len,nølen
n'ler,nøler
n'let,nølet
n'rke,nørke
odi's,odiøs
omg'r,omgør
oml'b,omløb
opb'd,opbød
opg'r,opgør
oph'r,ophør
opk'b,opkøb
opl'b,opløb
opr'r,oprør
opt'r,optør
op've,opøve
pl'je,pløje
pl're,pløre
pl'se,pløse
por's,porøs
pos'r,posør
pr've,prøve
p'bel,pøbel
p'len,pølen
p'ler,pøler
p'let,pølet
p'lle,pølle
p'lse,pølse
p'nse,pønse
p'sen,pøsen
p'ser,pøser
p'set,pøset
påb'd,påbød
påh'r,påhør
pål'b,påløb
r'ber,røber
r'bet,røbet
r'dme,rødme
r'dne,rødne
r'fle,røfle
r'gen,røgen
r'ger,røger
r'get,røget
r'gte,røgte
r'mme,rømme
r'mte,rømte
r'rer,rører
r'ret,røret
r'rig,rørig
r'rte,rørte
r'ræg,røræg
r'sen,røsen
r'ser,røser
r'sti,røsti
r'ven,røven
r'ver,røver
r'vet,røvet
ser's,serøs
skr'd,skrød
sk'de,skøde
sk'ge,skøge
sk'nt,skønt
sk're,skøre
sk'rt,skørt
sl'jd,sløjd
sl'je,sløje
sl'jt,sløjt
sl're,sløre
sl'se,sløse
sl've,sløve
sl'vt,sløvt
sm'ge,smøge
sm'le,smøle
sm're,smøre
sn'ft,snøft
sn're,snøre
sn'vl,snøvl
sn'vs,snøvs
spr'd,sprød
sp'ge,spøge
sp'gt,spøgt
sp'js,spøjs
str'g,strøg
str'm,strøm
str'r,strør
st'be,støbe
st'bt,støbt
st'de,støde
st'dt,stødt
st'je,støje
st've,støve
sv'be,svøbe
sv'bt,svøbt
syt'j,sytøj
s'bad,søbad
s'ber,søber
s'bet,søbet
s'der,søder
s'det,sødet
s'dme,sødme
s'gen,søgen
s'ger,søger
s'gte,søgte
s'jle,søjle
s'ler,søler
s'let,sølet
s'lje,sølje
s'lle,sølle
s'mil,sømil
s'mme,sømme
s'ren,søren
s'ret,søret
s'rge,sørge
s'rme,sørme
s'sat,søsat
s'syg,søsyg
s'ulk,søulk
s'vej,søvej
ti're,tiøre
tj'rn,tjørn
tri'r,triør
tr'je,trøje
tr'st,trøst
t'ede,tøede
t'ffe,tøffe
t'fle,tøfle
t'jer,tøjer
t'jet,tøjet
t'jle,tøjle
t'jre,tøjre
t'jte,tøjte
t'mme,tømme
t'mre,tømre
t'mte,tømte
t'nde,tønde
t'ris,tøris
t'rke,tørke
t'rne,tørne
t'rre,tørre
t'rst,tørst
t'sen,tøsen
t'ser,tøser
t'set,tøset
t'sne,tøsne
t'ven,tøven
t'ver,tøver
t'vet,tøvet
tål's,tåløs
udb'd,udbød
udd'd,uddød
udd'r,uddør
udg'd,udgød
udg'r,udgør
udl'b,udløb
udr'j,udrøj
ud'bt,udøbt
ud'rk,udørk
ud'se,udøse
ud'st,udøst
ud've,udøve
uf'dt,ufødt
uf're,uføre
uh'rt,uhørt
ul'st,uløst
ungm',ungmø
ur'rt,urørt
usk'n,uskøn
val'r,valør
ven's,venøs
vig'r,vigør
vin's,vinøs
vr'vl,vrøvl
v'lve,vølve
ær'bo,ærøbo
ær'sk,ærøsk
boen,øboen
boer,øboer
dede,ødede
dere,ødere
dsel,ødsel
dsle,ødsle
erne,øerne
ffer,øffer
ffet,øffet
gede,øgede
gene,øgene
glen,øglen
gler,øgler
have,øhave
jede,øjede
jner,øjner
jnet,øjnet
ksen,øksen
kser,økser
kset,økset
lbas,ølbas
lejr,ølejr
lgær,ølgær
llen,øllen
ller,øller
llet,øllet
lvom,ølvom
mhed,ømhed
mmer,ømmer
mmet,ømmet
nske,ønske
rene,ørene
rige,ørige
rken,ørken
rnen,ørnen
rred,ørred
sere,øsere
sken,øsken
stat,østat
stom,østom
stpå,østpå
stre,østre
stud,østud
vede,øvede
vrig,øvrig
am'ben,amøben
am'ber,amøber
bj'rne,bjørne
bl'den,bløden
bl'der,bløder
bl'dte,blødte
br'den,brøden
br'des,brødes
br'det,brødet
br'dre,brødre
br'ken,brøken
br'ker,brøker
br'ler,brøler
br'let,brølet
br'nde,brønde
br'sig,brøsig
b'ddel,bøddel
b'dede,bødede
b'dker,bødker
b'dlen,bødlen
b'dler,bødler
b'dlet,bødlet
b'ffel,bøffel
b'ffen,bøffen
b'ffer,bøffer
b'ffet,bøffet
b'fhus,bøfhus
b'fk'd,bøfkød
b'flen,bøflen
b'fler,bøfler
b'gede,bøgede
b'gene,bøgene
b'hmer,bøhmer
b'jede,bøjede
b'jlen,bøjlen
b'jler,bøjler
b'lgen,bølgen
b'lger,bølger
b'lget,bølget
b'llen,bøllen
b'ller,bøller
b'llet,bøllet
b'nder,bønder
b'nlig,bønlig
b'nnen,bønnen
b'nner,bønner
b'rene,børene
b'rgen,børgen
b'rger,børger
b'rsen,børsen
b'rser,børser
b'rste,børste
b'ssen,bøssen
b'sser,bøsser
b'sset,bøsset
b'tten,bøtten
b'tter,bøtter
b'vede,bøvede
b'vlet,bøvlet
b'vsen,bøvsen
b'vser,bøvser
b'vset,bøvset
dr'bel,drøbel
dr'fte,drøfte
dr'jde,drøjde
dr'jer,drøjer
dr'jet,drøjet
dr'mme,drømme
dr'mte,drømte
dr'ner,drøner
dr'net,drønet
dr'vel,drøvel
dr'vle,drøvle
d'bere,døbere
d'dede,dødede
d'dgod,dødgod
d'dked,dødked
d'dsbo,dødsbo
d'dsyg,dødsyg
d'dsår,dødsår
d'dtid,dødtid
d'ende,døende
d'gner,døgner
d'gnet,døgnet
d'gnur,døgnur
d'jede,døjede
d'lger,dølger
d'llen,døllen
d'ller,døller
d'mmer,dømmer
d'nede,dønede
d'nnet,dønnet
d'rene,dørene
d'rgen,dørgen
d'rken,dørken
d'rlås,dørlås
d'sede,døsede
d'sige,døsige
d'sigt,døsigt
d'vede,døvede
d'vhed,døvhed
en'jet,enøjet
en'ren,enøren
en'rer,enører
en'ret,enøret
fl'den,fløden
fl'der,fløder
fl'det,flødet
fl'jen,fløjen
fl'jet,fløjet
fl'jte,fløjte
fl'sen,fløsen
fl'set,fløset
fr'art,frøart
fr'avl,frøavl
fr'bid,frøbid
fr'ene,frøene
fr'ken,frøken
fr'lår,frølår
f'dder,fødder
f'deby,fødeby
f'dede,fødede
f'deår,fødeår
f'dsel,fødsel
f'dtes,fødtes
f'jede,føjede
f'jter,føjter
f'jtet,føjtet
f'lbar,følbar
f'lere,følere
f'leri,føleri
f'lfod,følfod
f'lgen,følgen
f'lger,følger
f'lget,følget
f'ling,føling
f'llet,føllet
f'lsom,følsom
f'nede,fønede
f'rend,førend
f'rere,førere
f'rhen,førhen
f'ring,føring
f'rste,første
gl'den,gløden
gl'der,gløder
gl'det,glødet
gr'ble,grøble
gr'den,grøden
gr'der,grøder
gr'det,grødet
gr'dis,grødis
gr'fte,grøfte
gr'nne,grønne
g'dede,gødede
g'dsel,gødsel
g'dske,gødske
g'gene,gøgene
g'geæg,gøgeæg
g'gler,gøgler
g'glet,gøglet
g'ngen,gøngen
g'nger,gønger
g'rlig,gørlig
g'sene,gøsene
hj'rne,hjørne
h'fden,høfden
h'fder,høfder
h'flig,høflig
h'gene,høgene
h'h'st,høhøst
h'jbed,højbed
h'jbro,højbro
h'jden,højden
h'jder,højder
h'jene,højene
h'jere,højere
h'jest,højest
h'jhed,højhed
id'mme,idømme
id'mte,idømte
if'lge,ifølge
if'rer,ifører
if'rte,iførte
ir'rer,irører
ir'rte,irørte
is'kse,isøkse
j'disk,jødisk
j'klen,jøklen
j'kler,jøkler
j'sses,jøsses
kl'ben,kløben
kl'ede,kløede
kl'fte,kløfte
kl'jes,kløjes
kl'ren,kløren
kl'sen,kløsen
kl'ver,kløver
kl'vet,kløvet
kn'sen,knøsen
ko'jer,koøjer
ko'jet,koøjet
kr'bet,krøbet
kr'ger,krøger
kr'get,krøget
kr'jer,krøjer
kr'jet,krøjet
kr'lle,krølle
k'bene,købene
k'bere,købere
k'bing,købing
k'bslå,købslå
k'dben,kødben
k'ddag,køddag
k'dede,kødede
k'dl's,kødløs
k'dmad,kødmad
k'dmel,kødmel
k'dnål,kødnål
k'dret,kødret
k'drig,kødrig
k'dsav,kødsav
k'dsår,kødsår
k'erne,køerne
k'gebo,køgebo
k'kken,køkken
k'lbåd,kølbåd
k'lede,kølede
k'lene,kølene
k'lere,kølere
k'lige,kølige
k'ligt,køligt
k'ling,køling
k'llen,køllen
k'ller,køller
k'lner,kølner
k'lnes,kølnes
k'lnet,kølnet
k'nnet,kønnet
k'nr'g,kønrøg
k'rbar,kørbar
k'rere,kørere
k'rner,kørner
k'rnet,kørnet
k'rsel,kørsel
k'rvel,kørvel
k'tere,køtere
l'bede,løbede
l'bene,løbene
l'bere,løbere
l'bske,løbske
l'dige,lødige
l'digt,lødigt
l'fter,løfter
l'ftet,løftet
l'gene,løgene
l'gfr',løgfrø
l'gnen,løgnen
l'gner,løgner
l'jbom,løjbom
l'jede,løjede
l'jert,løjert
l'jpen,løjpen
l'jper,løjper
l'jser,løjser
l'kker,løkker
l'mlen,lømlen
l'mler,lømler
l'mmel,lømmel
l'ndom,løndom
l'nd'r,løndør
l'nlig,lønlig
l'nnen,lønnen
l'nner,lønner
l'nnet,lønnet
l'nsom,lønsom
l'nsum,lønsum
l'ntab,løntab
l'rdag,lørdag
l'rner,lørner
l'sdel,løsdel
l'sere,løsere
l'sg'r,løsgør
l'sk'b,løskøb
l'slod,løslod
l'sner,løsner
l'snet,løsnet
l'srev,løsrev
l'ssen,løssen
l's're,løsøre
l'vede,løvede
l'vfr',løvfrø
l'vrig,løvrig
l'vsal,løvsal
l'vsav,løvsav
l'vtræ,løvtræ
mj'den,mjøden
mj'len,mjølen
mj'ler,mjøler
m'bler,møbler
m'blet,møblet
m'dige,mødige
m'digt,mødigt
m'dtes,mødtes
m'erne,møerne
m'ffen,møffen
m'ffer,møffer
m'ffet,møffet
m'gb'r,møgbør
m'gede,møgede
m'gsur,møgsur
m'jsom,møjsom
m'llen,møllen
m'ller,møller
m'llet,møllet
m'lleå,mølleå
m'ltæt,møltæt
m'lædt,mølædt
m'njen,mønjen
m'njer,mønjer
m'nner,mønner
m'nnet,mønnet
m'nske,mønske
m'nten,mønten
m'nter,mønter
m'ntet,møntet
m'rdej,mørdej
m'rket,mørket
m'rkne,mørkne
m'rner,mørner
m'rnet,mørnet
m'rtel,mørtel
m'trik,møtrik
m'vede,møvede
m'vere,møvere
ni'jen,niøjen
ni'jer,niøjer
n'dden,nødden
n'dder,nødder
n'ddåb,nøddåb
n'digt,nødigt
n'dret,nødret
n'dror,nødror
n'dråb,nødråb
n'fler,nøfler
n'flet,nøflet
n'gent,nøgent
n'glen,nøglen
n'gler,nøgler
n'glet,nøglet
n'jede,nøjede
n'jsom,nøjsom
n'kken,nøkken
n'kker,nøkker
n'kket,nøkket
n'lede,nølede
n'lere,nølere
n'rden,nørden
n'rder,nørder
n'rdet,nørdet
n'rkle,nørkle
od'ren,odøren
od'rer,odører
op'ver,opøver
op'vet,opøvet
pl'jer,pløjer
pl'jet,pløjet
pl'kke,pløkke
pl'rer,plører
pl'ret,pløret
pl'sen,pløsen
pr'ven,prøven
pr'ver,prøver
pr'vet,prøvet
p'jp'j,pøjpøj
p'jtet,pøjtet
p'lede,pølede
p'lene,pølene
p'llen,pøllen
p'ller,pøller
p'lsen,pølsen
p'lser,pølser
p'lset,pølset
p'nser,pønser
p'nset,pønset
p'nske,pønske
p'sede,pøsede
p'sene,pøsene
p'sens,pøsens
r'bede,røbede
r'dben,rødben
r'db'g,rødbøg
r'dder,rødder
r'dgul,rødgul
r'dhud,rødhud
r'ding,røding
r'dkål,rødkål
r'dler,rødler
r'dlig,rødlig
r'dl'g,rødløg
r'dmen,rødmen
r'dmer,rødmer
r'dmet,rødmet
r'dner,rødner
r'dnet,rødnet
r'dnæb,rødnæb
r'dtop,rødtop
r'dvin,rødvin
r'ffel,røffel
r'flen,røflen
r'fler,røfler
r'flet,røflet
r'gede,røgede
r'gere,røgere
r'geri,røgeri
r'gfri,røgfri
r'ggas,røggas
r'gsky,røgsky
r'gten,røgten
r'gter,røgter
r'gtet,røgtet
r'jser,røjser
r'mmer,rømmer
r'mmet,rømmet
r'nnen,rønnen
r'nner,rønner
r'rene,rørene
r'rhat,rørhat
r'rh'g,rørhøg
r'rige,rørige
r'rigt,rørigt
r'ring,røring
r'rlig,rørlig
r'sken,røsken
r'sten,røsten
r'ster,røster
r'stet,røstet
r'vede,røvede
r'vene,røvene
r'vere,røvere
r'veri,røveri
r'vhul,røvhul
r'vsyg,røvsyg
r'vtur,røvtur
sk'der,skøder
sk'det,skødet
sk'gen,skøgen
sk'ger,skøger
sk'jte,skøjte
sk'nne,skønne
sk'ren,skøren
sk'rer,skører
sk'ret,skøret
sk'rne,skørne
sk'rte,skørte
sk'tte,skøtte
sl'jer,sløjer
sl'jet,sløjet
sl'jfe,sløjfe
sl'rer,slører
sl'ret,sløret
sl'ser,sløser
sl'set,sløset
sl'ver,sløver
sl'vet,sløvet
sm'gen,smøgen
sm'ger,smøger
sm'get,smøget
sm'ler,smøler
sm'let,smølet
sm'ren,smøren
sm'rer,smører
sn'bel,snøbel
sn'fte,snøfte
sn'ren,snøren
sn'rer,snører
sn'ret,snøret
sn'vle,snøvle
sp'gen,spøgen
sp'ger,spøger
sp'gte,spøgte
sp'jse,spøjse
sp'jst,spøjst
sp'rge,spørge
st'ber,støber
st'bte,støbte
st'der,støder
st'det,stødet
st'dte,stødte
st'jen,støjen
st'jer,støjer
st'jet,støjet
st'nne,stønne
st'ren,støren
st'rer,stører
st'rre,større
st'rst,størst
st'tte,støtte
st'ver,støver
st'vet,støvet
st'vle,støvle
sv'ben,svøben
sv'ber,svøber
sv'bet,svøbet
sv'bte,svøbte
sv'mme,svømme
s'bade,søbade
s'bede,søbede
s'blad,søblad
s'bred,søbred
s'bund,søbund
s'dede,sødede
s'dlig,sødlig
s'dmen,sødmen
s'erne,søerne
s'fart,søfart
s'folk,søfolk
s'gang,søgang
s'gere,søgere
s'græs,søgræs
s'hane,søhane
s'helt,søhelt
s'hest,søhest
s'jlen,søjlen
s'jler,søjler
s'koen,søkoen
s'kort,søkort
s'krig,søkrig
s'k'er,søkøer
s'laks,sølaks
s'lede,sølede
s'ljen,søljen
s'ljer,søljer
s'llen,søllen
s'ller,søller
s'llet,søllet
s'luft,søluft
s'lvet,sølvet
s'l've,søløve
s'magt,sømagt
s'mand,sømand
s'mine,sømine
s'ml's,sømløs
s'mmen,sømmen
s'mmer,sømmer
s'mmet,sømmet
s'mrum,sømrum
s'mænd,sømænd
s'ndag,søndag
s'nden,sønden
s'nder,sønder
s'ndre,søndre
s'nlig,sønlig
s'nnen,sønnen
s'nner,sønner
s'reme,søreme
s'rens,sørens
s'rger,sørger
s'rget,sørget
s'side,søside
s'slag,søslag
s'ster,søster
s'stre,søstre
s'syge,søsyge
s'sygt,søsygt
s'ulke,søulke
s'vant,søvant
s'veje,søveje
s'vnen,søvnen
s'vnig,søvnig
s'værn,søværn
ti'ren,tiøren
ti'rer,tiører
ti'res,tiøres
tj'rne,tjørne
tr'jen,trøjen
tr'jer,trøjer
tr'ske,trøske
tr'ste,trøste
t'brud,tøbrud
t'ddel,tøddel
t'dlen,tødlen
t'dler,tødler
t'ffel,tøffel
t'ffer,tøffer
t'ffet,tøffet
t'flen,tøflen
t'fler,tøfler
t'flet,tøflet
t'jdyr,tøjdyr
t'jeri,tøjeri
t'jlen,tøjlen
t'jler,tøjler
t'jlet,tøjlet
t'jrer,tøjrer
t'jret,tøjret
t'jten,tøjten
t'jter,tøjter
t'lper,tølper
t'mmen,tømmen
t'mmer,tømmer
t'mrer,tømrer
t'mret,tømret
t'nden,tønden
t'rdok,tørdok
t'rgær,tørgær
t'rhed,tørhed
t'rken,tørken
t'rker,tørker
t'rnen,tørnen
t'rner,tørner
t'rnet,tørnet
t'rrer,tørrer
t'rret,tørret
t'rste,tørste
t'rtid,tørtid
t'rven,tørven
t'sede,tøsede
t'sjap,tøsjap
t'vede,tøvede
t'vejr,tøvejr
ub'jet,ubøjet
ud'bte,udøbte
ud'ser,udøser
ud'ste,udøste
ud'ver,udøver
ud'vet,udøvet
uf'dte,ufødte
uf'ret,uføret
uh'rte,uhørte
ul'ste,uløste
un'dig,unødig
ur'rte,urørte
us'det,usødet
ut'jet,utøjet
vr'vler,vrøvler
vr'vlet,vrøvlet
v'lven,vølven
v'lver,vølver
demer,ødemer
demet,ødemet
deren,øderen
derne,øderne
dipal,ødipal
dselt,ødselt
dsler,ødsler
dslet,ødslet
ffede,øffede
fgris,øfgris
gning,øgning
havet,øhavet
jelåg,øjelåg
jemed,øjemed
jemål,øjemål
jerne,øjerne
jesyn,øjesyn
jnede,øjnede
jnene,øjnene
kolog,økolog
komad,økomad
konom,økonom
kopak,økopak
ksede,øksede
lbrik,ølbrik
ldåse,øldåse
lejre,ølejre
lglas,ølglas
lhund,ølhund
ljern,øljern
lkrus,ølkrus
lkusk,ølkusk
llede,øllede
llene,øllene
lmave,ølmave
ltelt,øltelt
lvogn,ølvogn
mmede,ømmede
nolog,ønolog
nsker,ønsker
nsket,ønsket
regas,øregas
relap,ørelap
rel's,øreløs
rerne,ørerne
resæl,øresæl
riger,øriger
riget,øriget
rnene,ørnene
rneæg,ørneæg
rsted,ørsted
sekar,øsekar
seren,øseren
serne,øserne
seske,øseske
sknen,øsknen
skner,øskner
sregn,øsregn
sters,østers
stfra,østfra
stlig,østlig
stron,østron
stude,østude
vebog,øvebog
velse,øvelse
vende,øvende
verst,øverst
vning,øvning
vrige,øvrige
vrigt,øvrigt
ål'bet,åløbet
abesk'n,abeskøn
afb'der,afbøder
afb'det,afbødet
afb'jer,afbøjer
afb'jet,afbøjet
aff'der,afføder
aff'dte,affødte
aff'rer,affører
aff'rte,afførte
afgr'de,afgrøde
afh'rer,afhører
afh'rte,afhørte
afh'ste,afhøste
afh'vle,afhøvle
afk'ber,afkøber
afk'bte,afkøbte
afk'ler,afkøler
afk'let,afkølet
afl'bet,afløbet
afl'nne,aflønne
afl'ser,afløser
afl'ste,afløste
afl'ver,afløver
afl'vet,afløvet
afn'der,afnøder
afn'det,afnødet
afpr've,afprøve
afsl're,afsløre
afsn're,afsnøre
afst'be,afstøbe
afst'bt,afstøbt
afst'de,afstøde
afst'dt,afstødt
afs'ger,afsøger
afs'gte,afsøgte
aft'rre,aftørre
akt'ren,aktøren
akt'rer,aktører
aller'd,allerød
alstr'm,alstrøm
ambj'rn,ambjørn
amour's,amourøs
anf'rer,anfører
anf'rte,anførte
anl'ben,anløben
anl'ber,anløber
anl'bet,anløbet
anl'bne,anløbne
anstr'g,anstrøg
ans'ger,ansøger
ans'gte,ansøgte
arvel's,arveløs
asbj'rn,asbjørn
audit'r,auditør
aved're,avedøre
avisd'd,avisdød
avlsf'l,avlsføl
avnb'ge,avnbøge
babyt'j,babytøj
badet'j,badetøj
bagd're,bagdøre
ball've,balløve
barnl's,barnløs
bedr've,bedrøve
bed'mme,bedømme
bed'mte,bedømte
bed'ver,bedøver
bed'vet,bedøvet
bef'jet,beføjet
bef'ler,beføler
bef'lte,befølte
beh'rig,behørig
beh'ver,behøver
beh'vet,behøvet
bel'ber,beløber
bel'bet,beløbet
bel'jet,beløjet
bel'nne,belønne
bem'ger,bemøger
bem'get,bemøget
bem'jer,bemøjer
bem'jet,bemøjet
benl'ft,benløft
benl'se,benløse
benl'st,benløst
ber'mme,berømme
ber'mte,berømte
ber'rer,berører
ber'rte,berørte
ber'ver,berøver
ber'vet,berøvet
besk'jt,beskøjt
besm're,besmøre
bestr'g,bestrøg
bestr'r,bestrør
best've,bestøve
bes'ger,besøger
bes'get,besøget
bes'gte,besøgte
bes'rge,besørge
bild're,bildøre
bilk'en,bilkøen
bilk'er,bilkøer
bill'se,billøse
bill'st,billøst
bjergs',bjergsø
bj'rnen,bjørnen
bladd'd,bladdød
bladl's,bladløs
bleb'rn,blebørn
blegr'd,blegrød
blidg'r,blidgør
blodb'g,blodbøg
blodl's,blodløs
blodp'l,blodpøl
blodr'd,blodrød
bl'ddel,bløddel
bl'ddyr,bløddyr
bl'dere,blødere
bl'dg'r,blødgør
bl'dg'r,blødgør
blågr'n,blågrøn
blår'de,blårøde
blår'dt,blårødt
blå'jen,blåøjen
blå'jer,blåøjer
blå'jet,blåøjet
bogf're,bogføre
bogf'rt,bogført
bold'je,boldøje
boligk',boligkø
bordb'n,bordbøn
borer'r,borerør
bovk'le,bovkøle
brodfr',brodfrø
brods'm,brodsøm
brom'de,bromøde
brors'n,brorsøn
brækn'd,bræknød
br'ddej,brøddej
br'dene,brødene
br'dl's,brødløs
br'dl's,brødløs
br'dnid,brødnid
br'kdel,brøkdel
br'lede,brølede
br'lene,brølene
br'lere,brølere
br'ndby,brøndby
br'nden,brønden
br'ndum,brøndum
br'sige,brøsige
br'sigt,brøsigt
br'sten,brøsten
buhk'er,buhkøer
bulbk'l,bulbkøl
bundl's,bundløs
burh'ne,burhøne
burh'ns,burhøns
byggr'd,byggrød
bymilj',bymiljø
bysb'rn,bysbørn
bys'jle,bysøjle
bæreb'r,bærebør
bærh'st,bærhøst
b'dende,bødende
b'derne,bøderne
b'desag,bødesag
b'dkere,bødkere
b'dlede,bødlede
b'dning,bødning
b'ffede,bøffede
b'ffens,bøffens
b'gehæk,bøgehæk
b'gende,bøgende
b'gerne,bøgerne
b'getræ,bøgetræ
b'hland,bøhland
b'hmand,bøhmand
b'hmere,bøhmere
b'hmisk,bøhmisk
b'hmænd,bøhmænd
b'jelig,bøjelig
b'jende,bøjende
b'jerne,bøjerne
b'jning,bøjning
b'lgede,bølgede
b'llede,bøllede
b'nh're,bønhøre
b'nh're,bønhøre
b'nh'rt,bønhørt
b'nh'rt,bønhørt
b'nlige,bønlige
b'nligt,bønligt
b'rneby,børneby
b'rnene,børnene
b'rneår,børneår
b'rsbog,børsbog
b'rshaj,børshaj
b'rsten,børsten
b'rster,børster
b'rstet,børstet
b'sning,bøsning
b'ssede,bøssede
b'vlede,bøvlede
b'vsede,bøvsede
b'vsene,bøvsene
c-n'gle,c-nøgle
cari'se,cariøse
cari'st,cariøst
charm'r,charmør
cisel'r,ciselør
culp'se,culpøse
culp'st,culpøst
c'liaki,cøliaki
c'libat,cølibat
dagb'de,dagbøde
dagdr'm,dagdrøm
damet'j,dametøj
dampr'r,damprør
dekat'r,dekatør
dekup'r,dekupør
delir's,delirøs
dieb'rn,diebørn
dompt'r,domptør
dress'r,dressør
drivr'r,drivrør
drypt'r,dryptør
drænr'r,drænrør
dr'blen,drøblen
dr'bler,drøbler
dr'fter,drøfter
dr'ftet,drøftet
dr'jden,drøjden
dr'jede,drøjede
dr'jhed,drøjhed
dr'mmen,drømmen
dr'mmer,drømmer
dr'nede,drønede
dr'nene,drønene
dr'ngod,drøngod
dr'vlen,drøvlen
dr'vler,drøvler
dr'vlet,drøvlet
dubi'se,dubiøse
dubi'st,dubiøst
dueh'ge,duehøge
duftl's,duftløs
dunbl'd,dunblød
dus'ren,dusøren
dus'rer,dusører
dybfr's,dybfrøs
dybf'lt,dybfølt
dybgr'n,dybgrøn
dybk'le,dybkøle
dybr'de,dybrøde
dybr'dt,dybrødt
dybs'en,dybsøen
dyrek'd,dyrekød
dystl'b,dystløb
d'beren,døberen
d'berne,døberne
d'dbleg,dødbleg
d'dbold,dødbold
d'debog,dødebog
d'dedag,dødedag
d'delig,dødelig
d'dflot,dødflot
d'df'dt,dødfødt
d'df'dt,dødfødt
d'dgang,dødgang
d'dgode,dødgode
d'dgodt,dødgodt
d'dhård,dødhård
d'disen,dødisen
d'dkede,dødkede
d'dmand,dødmand
d'dning,dødning
d'dsdag,dødsdag
d'dsdom,dødsdom
d'dsens,dødsens
d'dsk'n,dødskøn
d'dsk'n,dødskøn
d'dssyg,dødssyg
d'dstal,dødstal
d'dtræt,dødtræt
d'dvægt,dødvægt
d'gling,døgling
d'gnene,døgnene
d'gnere,døgnere
d'gnure,døgnure
d'jende,døjende
d'nnene,dønnene
d'nning,dønning
d'rfl'j,dørfløj
d'rfl'j,dørfløj
d'rgene,dørgene
d'rgreb,dørgreb
d'rkant,dørkant
d'rkarm,dørkarm
d'rkene,dørkene
d'rlåse,dørlåse
d'rmand,dørmand
d'rmænd,dørmænd
d'rrude,dørrude
d'rsalg,dørsalg
d'rslag,dørslag
d'rtrin,dørtrin
d'rvagt,dørvagt
d'sende,døsende
d'trene,døtrene
d'vedes,døvedes
d'vende,døvende
d'vf'dt,døvfødt
d'vf'dt,døvfødt
d'vstum,døvstum
dådl'se,dådløse
dådl'st,dådløst
e-b'ger,e-bøger
elgk'er,elgkøer
emalj'r,emaljør
endel's,endeløs
eneb'rn,enebørn
en'jede,enøjede
en'rede,enørede
esbj'rn,esbjørn
espel'v,espeløv
f-n'gle,f-nøgle
fabul's,fabuløs
faldd'r,falddør
faldr'r,faldrør
fastg'r,fastgør
fav'ren,favøren
fav'rer,favører
fejem'g,fejemøg
fejlk'b,fejlkøb
femd'rs,femdørs
fem'ren,femøren
fem'rer,femører
festt'j,festtøj
fibr'se,fibrøse
fibr'st,fibrøst
fiksk'b,fikskøb
fird'rs,firdørs
flagr'd,flagrød
flyd're,flydøre
fl'dede,flødede
fl'deis,flødeis
fl'jd'r,fløjdør
fl'jd'r,fløjdør
fl'jene,fløjene
fl'jlet,fløjlet
fl'jten,fløjten
fl'jter,fløjter
fl'jtet,fløjtet
fl'sede,fløsede
fl'sene,fløsene
forbr'd,forbrød
ford'je,fordøje
ford'mt,fordømt
ford're,fordøre
forf'je,forføje
forf're,forføre
forf'rt,forført
forg're,forgøre
forh'je,forhøje
forh're,forhøre
forh'rt,forhørt
fork'be,forkøbe
fork'bt,forkøbt
fork'le,forkøle
forl'be,forløbe
forl'se,forløse
forl'st,forløst
forml's,formløs
form'de,formøde
forn'je,fornøje
forsk'd,forskød
fors'de,forsøde
fors'ge,forsøge
fors'gt,forsøgt
fors'mt,forsømt
fortr'd,fortrød
fort'je,fortøje
for'der,forøder
for'dte,forødte
for'ger,forøger
for'get,forøget
for'ver,forøver
for'vet,forøvet
frad'mt,fradømt
frar've,frarøve
fredl's,fredløs
fremb'd,frembød
freml'b,fremløb
frig're,frigøre
frik'be,frikøbe
frik'bt,frikøbt
fr'erne,frøerne
fr'korn,frøkorn
fr'mand,frømand
fr'mænd,frømænd
fr'nnet,frønnet
fr'ydis,frøydis
fuksr'd,fuksrød
fung'se,fungøse
fung'st,fungøst
furi'se,furiøse
furi'st,furiøst
fængr'r,fængrør
fær'båd,færøbåd
fær'ske,færøske
fæstem',fæstemø
f'deegn,fødeegn
f'dende,fødende
f'deral,føderal
f'der'r,føderør
f'der'r,føderør
f'de'en,fødeøen
f'de'en,fødeøen
f'de'er,fødeøer
f'de'er,fødeøer
f'dslen,fødslen
f'dsler,fødsler
f'jelig,føjelig
f'jende,føjende
f'jning,føjning
f'jtede,føjtede
f'lbare,følbare
f'lbart,følbart
f'learm,følearm
f'lebog,følebog
f'lehår,følehår
f'lelig,følelig
f'lelse,følelse
f'leren,føleren
f'lerne,følerne
f'llene,føllene
f'lsomt,følsomt
f'nerne,fønerne
f'niker,føniker
f'relse,førelse
f'rende,førende
f'reren,føreren
f'rerne,førerne
f'rpris,førpris
fårek'd,fårekød
g-n'gle,g-nøgle
gaded'r,gadedør
gadel'b,gadeløb
gadet's,gadetøs
gangt'j,gangtøj
gavld'r,gavldør
gavnl's,gavnløs
geh'ret,gehøret
gend'be,gendøbe
gend'bt,gendøbt
gener's,generøs
genf'de,genføde
genf'dt,genfødt
genh're,genhøre
genh'rt,genhørt
genl'se,genløse
genl'st,genløst
giraf'l,giraføl
glasd'r,glasdør
glasr'r,glasrør
glas'je,glasøje
glori's,gloriøs
glor'de,glorøde
glor'dt,glorødt
gl'dede,glødede
gl'ggen,gløggen
godtg'r,godtgør
graci's,graciøs
gravh'j,gravhøj
grenr'r,grenrør
græsfr',græsfrø
gr'bler,grøbler
gr'blet,grøblet
gr'dede,grødede
gr'dfad,grødfad
gr'dris,grødris
gr'dske,grødske
gr'ften,grøften
gr'fter,grøfter
gr'ftet,grøftet
gr'nblå,grønblå
gr'nbog,grønbog
gr'ngul,grøngul
gr'nkål,grønkål
gr'nlig,grønlig
gr'nnes,grønnes
gr'nsag,grønsag
gr'nært,grønært
grågr'n,grågrøn
grår'de,grårøde
grår'dt,grårødt
gudb'rn,gudbørn
gudl'se,gudløse
gudl'st,gudløst
guld'je,guldøje
gulgr'n,gulgrøn
gulr'de,gulrøde
gulr'dt,gulrødt
gærbr'd,gærbrød
g'dende,gødende
g'dning,gødning
g'dsker,gødsker
g'dsket,gødsket
g'dslen,gødslen
g'dsler,gødsler
g'gem'g,gøgemøg
g'gem'g,gøgemøg
g'geurt,gøgeurt
g'glede,gøglede
g'glere,gøglere
g'gleri,gøgleri
g'remål,gøremål
g'rlige,gørlige
g'rligt,gørligt
g'rtler,gørtler
halel's,haleløs
halsl's,halsløs
halvd'd,halvdød
halvd'r,halvdør
halvd'v,halvdøv
halvh'j,halvhøj
halvt'r,halvtør
halv'en,halvøen
halv'er,halvøer
hanl've,hanløve
harml's,harmløs
haved'r,havedør
havsn'd,havsnød
hav'rne,havørne
hedeh'g,hedehøg
hend'de,hendøde
hend'et,hendøet
henf're,henføre
henf'rt,henført
henh're,henhøre
henh'rt,henhørt
hensk'd,henskød
hessel',hesselø
hidf're,hidføre
hidf'rt,hidført
hidr're,hidrøre
hidr'rt,hidrørt
hjeml's,hjemløs
hjulb'r,hjulbør
hj'rdis,hjørdis
hj'rner,hjørner
hj'rnet,hjørnet
hudkl'e,hudkløe
hudl'se,hudløse
hudl'st,hudløst
hulsv'b,hulsvøb
hul'jet,huløjet
hum'ret,humøret
hunl've,hunløve
hush'je,hushøje
hush'jt,hushøjt
husst'v,husstøv
hvidb'g,hvidbøg
hvidl'g,hvidløg
hvids'm,hvidsøm
hvidt'l,hvidtøl
hækd're,hækdøre
h'feber,høfeber
h'flige,høflige
h'fligt,høfligt
h'geurt,høgeurt
h'gsbro,høgsbro
h'jadel,højadel
h'jagte,højagte
h'jbane,højbane
h'jbede,højbede
h'jbord,højbord
h'jborg,højborg
h'jeste,højeste
h'jhuse,højhuse
h'jkant,højkant
h'jlagt,højlagt
h'jland,højland
h'jlige,højlige
h'jligt,højligt
h'jlund,højlund
h'jlydt,højlydt
h'jlærd,højlærd
h'jmark,højmark
h'jmose,højmose
h'jnede,højnede
h'jovne,højovne
h'jr'de,højrøde
h'jr'de,højrøde
h'jr'dt,højrødt
h'jr'dt,højrødt
h'jsind,højsind
h'jskab,højskab
h'jskov,højskov
h'jsæde,højsæde
h'jtryk,højtryk
h'jtysk,højtysk
h'kasse,høkasse
h'keren,høkeren
h'kerne,høkerne
h'krede,høkrede
h'nemor,hønemor
h'nerne,hønerne
h'nesyg,hønesyg
h'nisse,hønisse
h'nnike,hønnike
h'nsede,hønsede
h'nsene,hønsene
h'nseri,hønseri
h'nseæg,hønseæg
h'rbare,hørbare
h'rbart,hørbart
h'relse,hørelse
h'reren,høreren
h'rerne,hørerne
h'rer'r,hørerør
h'rer'r,hørerør
h'rgarn,hørgarn
h'rgule,hørgule
h'rgult,hørgult
h'riven,høriven
h'river,høriver
h'rkram,hørkram
h'rlige,hørlige
h'rligt,hørligt
h'rmede,hørmede
h'rning,hørning
h'rtave,hørtave
h'stbal,høstbal
h'stdag,høstdag
h'stede,høstede
h'stlig,høstlig
h'strup,høstrup
h'sttid,høsttid
h'tyven,høtyven
h'vding,høvding
h'veder,høveder
h'vedet,høvedet
h'velte,høvelte
h'viske,høviske
h'vlede,høvlede
h'vlene,høvlene
h'vling,høvling
h'vogne,høvogne
håbl'se,håbløse
håbl'st,håbløst
håndk'b,håndkøb
hårdf'r,hårdfør
hårl'se,hårløse
hårl'st,hårløst
id'mmer,idømmer
ildr'de,ildrøde
ildr'dt,ildrødt
im'degå,imødegå
im'dese,imødese
im'deså,imødeså
indfl'j,indfløj
indfr's,indfrøs
indf'dt,indfødt
indf'je,indføje
indf'le,indføle
indf'lt,indfølt
indf're,indføre
indf'rt,indført
indk'be,indkøbe
indk'bt,indkøbt
indk're,indkøre
indk'rt,indkørt
indl'be,indløbe
indl'se,indløse
indl'st,indløst
indsk'd,indskød
inds'en,indsøen
inds'er,indsøer
ind'ver,indøver
ind'vet,indøvet
irgr'nt,irgrønt
isbj'rn,isbjørn
isse'je,isseøje
is'ksen,isøksen
is'kser,isøkser
jagtt'j,jagttøj
jegind',jegindø
jernd'r,jerndør
jernr'r,jernrør
jobb'rs,jobbørs
jods'lv,jodsølv
jongl'r,jonglør
jordh'j,jordhøj
jordl's,jordløs
jordn'd,jordnød
jordr'g,jordrøg
jule'en,juleøen
jævnf'r,jævnfør
j'dedom,jødedom
j'dehad,jødehad
j'derne,jøderne
j'dinde,jødinde
j'diske,jødiske
j'rgine,jørgine
j'rlief,jørlief
kam'gle,kamøgle
kants'm,kantsøm
kan'fle,kanøfle
kelh'vl,kelhøvl
kelst'd,kelstød
kepal'g,kepaløg
kirkeb',kirkebø
klarg'r,klargør
klippe',klippeø
kl'ende,kløende
kl'erne,kløerne
kl'ften,kløften
kl'fter,kløfter
kl'ftet,kløftet
kl'gten,kløgten
kl'gtig,kløgtig
kl'pind,kløpind
kl'rene,klørene
kl'sene,kløsene
kl'vede,kløvede
kl'vere,kløvere
knast'r,knastør
knæh'je,knæhøje
knæh'jt,knæhøjt
kn'sene,knøsene
koge'en,kogeøen
koge'er,kogeøer
kokr'de,kokrøde
kokr'dt,kokrødt
kolan'd,kolanød
kom'get,komøget
konet'j,konetøj
kopi'se,kopiøse
kopi'st,kopiøst
krapr'd,kraprød
kreat'r,kreatør
kr'gede,krøgede
kr'jede,krøjede
kr'lfri,krølfri
kr'lhår,krølhår
kr'llen,krøllen
kr'ller,krøller
kr'llet,krøllet
kr'ltop,krøltop
kr'luld,krøluld
kr'nike,krønike
kulst'v,kulstøv
kuls'er,kulsøer
kul'ren,kuløren
kul'rer,kulører
kul'rte,kulørte
kundg'r,kundgør
kuri'se,kuriøse
kuri'st,kuriøst
kuv'sen,kuvøsen
kuv'ser,kuvøser
kvægl's,kvægløs
kæder'g,kæderøg
kæph'je,kæphøje
kæph'jt,kæphøjt
kærh'ge,kærhøge
k'belov,købelov
k'bende,købende
k'beren,køberen
k'beret,køberet
k'berne,køberne
k'besum,købesum
k'bmand,købmand
k'bmænd,købmænd
k'bsdag,købsdag
k'bslog,købslog
k'bslår,købslår
k'bsret,købsret
k'bstad,købstad
k'dbyen,kødbyen
k'ddage,køddage
k'delig,kødelig
k'dfars,kødfars
k'dfuld,kødfuld
k'dkvæg,kødkvæg
k'dl'se,kødløse
k'dl'se,kødløse
k'dl'st,kødløst
k'dl'st,kødløst
k'dnåle,kødnåle
k'drand,kødrand
k'drige,kødrige
k'drigt,kødrigt
k'dsaft,kødsaft
k'dsave,kødsave
k'dsovs,kødsovs
k'dspyd,kødspyd
k'dæder,kødæder
k'd'kse,kødøkse
k'd'kse,kødøkse
k'jerne,køjerne
k'jerum,køjerum
k'jesæk,køjesæk
k'kken',køkkenø
k'kken',køkkenø
k'lbåde,kølbåde
k'lebil,kølebil
k'lehus,kølehus
k'lende,kølende
k'leren,køleren
k'lerne,kølerne
k'lerum,kølerum
k'lhale,kølhale
k'llagt,køllagt
k'llert,køllert
k'lnede,kølnede
k'lning,kølning
k'lsvin,kølsvin
k'lvand,kølvand
k'nnede,kønnede
k'nnene,kønnene
k'nnere,kønnere
k'nnest,kønnest
k'nsakt,kønsakt
k'nsdel,kønsdel
k'nslig,kønslig
k'nsliv,kønsliv
k'nsl's,kønsløs
k'nsl's,kønsløs
k'rbare,kørbare
k'rbart,kørbart
k'relys,kørelys
k'rende,kørende
k'reren,køreren
k'rerne,kørerne
k'resyg,køresyg
k'retur,køretur
k'ret'j,køretøj
k'ret'j,køretøj
k'revej,kørevej
k'rnede,kørnede
k'rnere,kørnere
k'rning,kørning
k'rslen,kørslen
k'rsler,kørsler
k'teren,køteren
k'terne,køterne
lager'l,lagerøl
lakr'de,lakrøde
lakr'dt,lakrødt
laksr'd,laksrød
lakun's,lakunøs
lavtl'n,lavtløn
ledel's,ledeløs
leget'j,legetøj
lejek'b,lejekøb
lepr'se,leprøse
lepr'st,leprøst
letk'bt,letkøbt
ligel'b,ligeløb
ligel'n,ligeløn
lign'se,lignøse
lign'st,lignøst
lik'ren,likøren
lik'rer,likører
livl'se,livløse
livl'st,livløst
livsl'b,livsløb
livsl'n,livsløn
lovl'se,lovløse
lovl'st,lovløst
luftr'r,luftrør
lugtl's,lugtløs
luksu's,luksuøs
lumin's,luminøs
lydh're,lydhøre
lydh'rt,lydhørt
lydl'se,lydløse
lydl'st,lydløst
lynfr's,lynfrøs
lyser'd,lyserød
lys'jet,lysøjet
læbel's,læbeløs
l'bebro,løbebro
l'bedag,løbedag
l'beild,løbeild
l'bekat,løbekat
l'bende,løbende
l'bepas,løbepas
l'beren,løberen
l'berne,løberne
l'besko,løbesko
l'besod,løbesod
l'betid,løbetid
l'betur,løbetur
l'bning,løbning
l'bsdag,løbsdag
l'ftede,løftede
l'ftene,løftene
l'ftere,løftere
l'fting,løfting
l'gnene,løgnene
l'gnere,løgnere
l'gring,løgring
l'gskæl,løgskæl
l'gsovs,løgsovs
l'gst'r,løgstør
l'gst'r,løgstør
l'jbænk,løjbænk
l'jende,løjende
l'jerne,løjerne
l'jsere,løjsere
l'nd're,løndøre
l'nd're,løndøre
l'nfest,lønfest
l'nfond,lønfond
l'ngang,løngang
l'nkort,lønkort
l'nkrav,lønkrav
l'nlige,lønlige
l'nligt,lønligt
l'nnede,lønnede
l'nnene,lønnene
l'nning,lønning
l'npres,lønpres
l'nsats,lønsats
l'nsomt,lønsomt
l'nstop,lønstop
l'ntrin,løntrin
l'ntryk,løntryk
l'ntung,løntung
l'rdage,lørdage
l'rnere,lørnere
l'sblad,løsblad
l'sdele,løsdele
l'selig,løselig
l'sener,løsener
l'senet,løsenet
l'seren,løseren
l'serne,løserne
l'sesum,løsesum
l'sg're,løsgøre
l'sg're,løsgøre
l'sholt,løsholt
l'sk'be,løskøbe
l'sk'be,løskøbe
l'sk'bt,løskøbt
l'sk'bt,løskøbt
l'slade,løslade
l'sladt,løsladt
l'snede,løsnede
l'sning,løsning
l'srive,løsrive
l'ssalg,løssalg
l's'ret,løsøret
l's'ret,løsøret
l'vedes,løvedes
l'vefod,løvefod
l'verne,løverne
l'vfald,løvfald
l'vhang,løvhang
l'vinde,løvinde
l'vrige,løvrige
l'vrigt,løvrigt
l'vsale,løvsale
l'vsave,løvsave
l'vskov,løvskov
l'vværk,løvværk
låset'j,låsetøj
mafi'se,mafiøse
mafi'st,mafiøst
magel's,mageløs
mal'ren,maløren
mal'rer,malører
mandk'n,mandkøn
man'vre,manøvre
markfr',markfrø
marod'r,marodør
mart'rv,martørv
masned',masnedø
mass'se,massøse
medf'dt,medfødt
medf're,medføre
medf'rt,medført
milj'er,miljøer
milj'et,miljøet
min'ren,minøren
min'rer,minører
misn'je,misnøje
misr'gt,misrøgt
mj'durt,mjødurt
mj'lner,mjølner
modet'j,modetøj
modl'se,modløse
modl'st,modløst
modst'd,modstød
mosgr'n,mosgrøn
muhk'er,muhkøer
mundt'j,mundtøj
murpl'k,murpløk
myx'dem,myxødem
m'blere,møblere
m'dding,mødding
m'deret,møderet
m'derne,møderne
m'detid,mødetid
m'domme,mødomme
m'drene,mødrene
m'ffede,møffede
m'gavis,møgavis
m'gblad,møgblad
m'gb're,møgbøre
m'gb're,møgbøre
m'gfald,møgfald
m'ggreb,møggreb
m'gsoen,møgsoen
m'gsure,møgsure
m'gsurt,møgsurt
m'gsvin,møgsvin
m'gs'er,møgsøer
m'gs'er,møgsøer
m'gunge,møgunge
m'gvejr,møgvejr
m'jsomt,møjsomt
m'llene,møllene
m'llere,møllere
m'lleri,mølleri
m'lpose,mølpose
m'lædte,mølædte
m'lægte,mølægte
m'nboen,mønboen
m'nboer,mønboer
m'nnede,mønnede
m'nning,mønning
m'nster,mønster
m'nstre,mønstre
m'ntede,møntede
m'ntfod,møntfod
m'ntlås,møntlås
m'rbrad,mørbrad
m'rdeje,mørdeje
m'rkner,mørkner
m'rknet,mørknet
m'rksej,mørksej
m'rnede,mørnede
m'rning,mørning
m'rtlen,mørtlen
m'rtler,mørtler
m'vende,møvende
m'veren,møveren
m'verne,møverne
måll'se,målløse
måll'st,målløst
navnl's,navnløs
nedbr'd,nedbrød
nedfr's,nedfrøs
nedf're,nedføre
nedf'rt,nedført
nedg're,nedgøre
nedk'le,nedkøle
nedk're,nedkøre
nedk'rt,nedkørt
nedsk'd,nedskød
neksel',nekselø
neks'bo,neksøbo
neonr'r,neonrør
nerv'se,nervøse
nerv'st,nervøst
nisse'l,nisseøl
nitr'se,nitrøse
nitr'st,nitrøst
nord'st,nordøst
norml's,normløs
norr'ne,norrøne
norr'nt,norrønt
noth'vl,nothøvl
nyf'dte,nyfødte
nyr'get,nyrøget
n'davis,nødavis
n'dblus,nødblus
n'ddene,nøddene
n'dflag,nødflag
n'dhavn,nødhavn
n'dkald,nødkald
n'dluge,nødluge
n'dl'gn,nødløgn
n'dl'gn,nødløgn
n'dmast,nødmast
n'dning,nødning
n'dplan,nødplan
n'dsage,nødsage
n'dsejl,nødsejl
n'dspor,nødspor
n'dstop,nødstop
n'flede,nøflede
n'gtern,nøgtern
n'jedes,nøjedes
n'jsomt,nøjsomt
n'kkene,nøkkene
n'lende,nølende
n'leren,nøleren
n'lerne,nølerne
n'rdede,nørdede
n'rkler,nørkler
n'rklet,nørklet
nådel's,nådeløs
nåle'je,nåleøje
obsk'ne,obskøne
obsk'nt,obskønt
oksefr',oksefrø
oksek'd,oksekød
okse'je,okseøje
ol-s'lv,ol-sølv
oliep'l,oliepøl
oliet'j,olietøj
omb'jer,ombøjer
omb'jet,ombøjet
omb'lge,ombølge
omd'ber,omdøber
omd'bte,omdøbte
omd'mme,omdømme
omf'rer,omfører
omf'rte,omførte
omin'se,ominøse
omin'st,ominøst
oml'ber,omløber
oml'bet,omløbet
ompr've,omprøve
omr'rer,omrører
omr'rte,omrørte
omsn're,omsnøre
omst'be,omstøbe
omst'bt,omstøbt
omst'de,omstøde
omst'dt,omstødt
opbl'de,opbløde
opbl'dt,opblødt
opf'der,opføder
opf'det,opfødet
opf'rer,opfører
opf'rte,opførte
opg'ret,opgøret
oph'jer,ophøjer
oph'jet,ophøjet
oph'rer,ophører
oph'ret,ophøret
oph'rte,ophørte
opk'ber,opkøber
opk'bet,opkøbet
opk'bte,opkøbte
opk'rte,opkørte
opl'ben,opløben
opl'bet,opløbet
opl'bne,opløbne
opl'fte,opløfte
opl'ser,opløser
opl'ste,opløste
opr'mme,oprømme
opr'mte,oprømte
opr'rer,oprører
opr'ret,oprøret
opr'rsk,oprørsk
opr'rte,oprørte
opstr'g,opstrøg
opst've,opstøve
ops'ger,opsøger
ops'gte,opsøgte
opt'ede,optøede
opt'jer,optøjer
op'vede,opøvede
ordd've,orddøve
ordd'vt,orddøvt
ordl'se,ordløse
ordl'st,ordløst
orkn'sk,orknøsk
ormefr',ormefrø
overb'd,overbød
overl'b,overløb
overt'j,overtøj
over'se,overøse
over'st,overøst
papb'rn,papbørn
paran'd,paranød
past'se,pastøse
past'st,pastøst
peberm',pebermø
pejlr'r,pejlrør
pibel'g,pibeløg
piber'g,piberøg
piget'j,pigetøj
pined'd,pinedød
planl's,planløs
plant'r,plantør
pl'jede,pløjede
pl'kken,pløkken
pl'kker,pløkker
pl'kket,pløkket
pl'ksyl,pløksyl
pl'rede,plørede
pl'sene,pløsene
pomp'se,pompøse
pomp'st,pompøst
pos'ren,posøren
pos'rer,posører
pralr'v,pralrøv
preci's,preciøs
preti's,pretiøs
pr'jsen,prøjsen
pr'jser,prøjser
pr'vede,prøvede
pæonr'd,pæonrød
p'belen,pøbelen
p'lsede,pølsede
p'nsede,pønsede
påd'mme,pådømme
påd'mte,pådømte
påf'rer,påfører
påf'rte,påførte
påh'rer,påhører
påh'rte,påhørte
påk'rer,påkører
påk'rte,påkørte
pål'ben,påløben
pål'ber,påløber
pål'bet,påløbet
pål'bne,påløbne
pån'der,pånøder
pån'dte,pånødte
påske'l,påskeøl
påsm're,påsmøre
påstr'g,påstrøg
radel'v,radeløv
ramsl'g,ramsløg
rand'je,randøje
rapsfr',rapsfrø
rastl's,rastløs
ratsl'r,ratslør
reall'n,realløn
redeg'r,redegør
regnl's,regnløs
regnt'j,regntøj
reng're,rengøre
restl's,restløs
retsl's,retsløs
rish'st,rishøst
rodl'se,rodløse
rodl'st,rodløst
rosar'd,rosarød
rostb'f,rostbøf
rugbr'd,rugbrød
rustr'd,rustrød
rygst'd,rygstød
ræver'd,ræverød
r'dalge,rødalge
r'darve,rødarve
r'dbede,rødbede
r'dbrun,rødbrun
r'dbyer,rødbyer
r'db'ge,rødbøge
r'db'ge,rødbøge
r'dding,rødding
r'dfisk,rødfisk
r'dgran,rødgran
r'dgr'd,rødgrød
r'dgr'd,rødgrød
r'dgule,rødgule
r'dgult,rødgult
r'dhals,rødhals
r'dkælk,rødkælk
r'dlige,rødlige
r'dligt,rødligt
r'dmede,rødmede
r'dnede,rødnede
r'dning,rødning
r'dovre,rødovre
r'dsk'r,rødskør
r'dsk'r,rødskør
r'dsten,rødsten
r'dvine,rødvine
r'd'jet,rødøjet
r'd'jet,rødøjet
r'flede,røflede
r'flers,røflers
r'gelse,røgelse
r'geovn,røgeovn
r'geren,røgeren
r'gerne,røgerne
r'gfane,røgfane
r'gfang,røgfang
r'gfrie,røgfrie
r'gfrit,røgfrit
r'gning,røgning
r'gring,røgring
r'gsl'r,røgslør
r'gsl'r,røgslør
r'gtede,røgtede
r'gtere,røgtere
r'gvare,røgvare
r'jsere,røjsere
r'llike,røllike
r'mmede,rømmede
r'mning,rømning
r'nnebo,rønnebo
r'nnene,rønnene
r'ntgen,røntgen
r'rblad,rørblad
r'rbrud,rørbrud
r'rdrum,rørdrum
r'relse,rørelse
r'rende,rørende
r'rflet,rørflet
r'rh'ge,rørhøge
r'rh'ge,rørhøge
r'rh'ne,rørhøne
r'rh'ne,rørhøne
r'rh'ns,rørhøns
r'rh'ns,rørhøns
r'rlagt,rørlagt
r'rlige,rørlige
r'rligt,rørligt
r'rpost,rørpost
r'rsmed,rørsmed
r'rtang,rørtang
r'serne,røserne
r'sknen,røsknen
r'skner,røskner
r'stene,røstene
r'stien,røstien
r'veren,røveren
r'verne,røverne
r'vfuld,røvfuld
r'vpule,røvpule
r'vsyge,røvsyge
r'vsygt,røvsygt
r'vture,røvture
rådf're,rådføre
rådf'rt,rådført
rådl'se,rådløse
rådl'st,rådløst
sabot'r,sabotør
sags'ge,sagsøge
sags'gt,sagsøgt
saltk'd,saltkød
samk're,samkøre
samk'rt,samkørt
sams'en,samsøen
sams'sk,samsøsk
sanit'r,sanitør
sejll'b,sejlløb
selet'j,seletøj
selvd'd,selvdød
seri'se,seriøse
seri'st,seriøst
sided'r,sidedør
sides'm,sidesøm
singr'n,singrøn
sjæll's,sjælløs
sj'gren,sjøgren
skabr's,skabrøs
skamb'd,skambød
skaml's,skamløs
skibs'l,skibsøl
skif're,skiføre
skind'd,skindød
skovd'd,skovdød
skovl'g,skovløg
skr'nen,skrønen
skr'ner,skrøner
skyh'je,skyhøje
skyh'jt,skyhøjt
skægl's,skægløs
sk'dede,skødede
sk'dene,skødene
sk'jten,skøjten
sk'jter,skøjter
sk'jtet,skøjtet
sk'nhed,skønhed
sk'nner,skønner
sk'nnet,skønnet
sk'nsom,skønsom
sk'nånd,skønånd
sk'rbug,skørbug
sk'rede,skørede
sk'rhat,skørhat
sk'rner,skørner
sk'rnet,skørnet
sk'rost,skørost
sk'rter,skørter
sk'rtet,skørtet
sk'tter,skøtter
sk'ttet,skøttet
slagt'j,slagtøj
slutl'n,slutløn
sl'jden,sløjden
sl'jede,sløjede
sl'jfen,sløjfen
sl'jfer,sløjfer
sl'jfet,sløjfet
sl'rede,slørede
sl'rene,slørene
sl'rhat,slørhat
sl'ring,sløring
sl'rsky,slørsky
sl'sede,sløsede
sl'seri,sløseri
sl'vede,sløvede
sl'vhed,sløvhed
smagl's,smagløs
smill's,smilløs
smink'r,sminkør
sm'gede,smøgede
sm'lede,smølede
sm'lene,smølene
sm'leri,smøleri
sm'rbar,smørbar
sm'rere,smørere
sm'reri,smøreri
sm'rfed,smørfed
sm'rgul,smørgul
sm'rhul,smørhul
sm'ring,smøring
sm'rret,smørret
sm'rtyv,smørtyv
småb'rn,småbørn
småfr's,småfrøs
småm'nt,småmønt
småsk'r,småskør
småsv'b,småsvøb
snigl'b,snigløb
snobr'd,snobrød
sn'blen,snøblen
sn'bler,snøbler
sn'fter,snøfter
sn'ftet,snøftet
sn'rede,snørede
sn'ring,snøring
sn'rkel,snørkel
sn'rkle,snørkle
sn'rliv,snørliv
sn'vler,snøvler
sn'vlet,snøvlet
sn'vsen,snøvsen
soign'r,soignør
sold'gn,soldøgn
solol'b,sololøb
sol'jen,soløjen
sol'jer,soløjer
sorgl's,sorgløs
spati's,spatiøs
sporl's,sporløs
spr'jte,sprøjte
sp'geri,spøgeri
sp'lkum,spølkum
sp'rger,spørger
spånl's,spånløs
steds'n,stedsøn
stend'd,stendød
stenh'j,stenhøj
stent'j,stentøj
stigr'r,stigrør
still's,stilløs
stofn'd,stofnød
stokd'v,stokdøv
stork'b,storkøb
strum's,strumøs
str'ede,strøede
str'get,strøget
str'mer,strømer
str'mme,strømme
str'mpe,strømpe
str'ske,strøske
stråd'd,strådød
styrts',styrtsø
st'bere,støbere
st'beri,støberi
st'dene,stødene
st'dere,stødere
st'dl's,stødløs
st'dl's,stødløs
st'dvis,stødvis
st'jede,støjede
st'jfri,støjfri
st'jmur,støjmur
st'nner,stønner
st'nnet,stønnet
st'rkne,størkne
st'rner,størner
st'rste,største
st'tten,støtten
st'tter,støtter
st'ttet,støttet
st'vbad,støvbad
st'vblå,støvblå
st'vede,støvede
st'vere,støvere
st'vfri,støvfri
st'vlag,støvlag
st'vlen,støvlen
st'vler,støvler
st'vlet,støvlet
st'vsky,støvsky
st'vtæt,støvtæt
st'vvej,støvvej
stålr'r,stålrør
suffl'r,sufflør
suger'r,sugerør
surbr'd,surbrød
surs'de,sursøde
surs'dt,sursødt
svagf'r,svagfør
sv'bene,svøbene
sv'mmer,svømmer
sv'mmet,svømmet
synn've,synnøve
syt'jer,sytøjer
syt'jet,sytøjet
sæbe'je,sæbeøje
særb'rn,særbørn
s'badet,søbadet
s'bemad,søbemad
s'bunde,søbunde
s'båren,søbåren
s'båret,søbåret
s'bårne,søbårne
s'delig,sødelig
s'deste,sødeste
s'dgr'd,sødgrød
s'dgr'd,sødgrød
s'dlige,sødlige
s'dligt,sødligt
s'dmælk,sødmælk
s'dning,sødning
s'farer,søfarer
s'front,søfront
s'gelys,søgelys
s'geord,søgeord
s'geren,søgeren
s'gerne,søgerne
s'gesti,søgesti
s'getid,søgetid
s'gning,søgning
s'gsmål,søgsmål
s'hanen,søhanen
s'haner,søhaner
s'helte,søhelte
s'heste,søheste
s'kadet,søkadet
s'krige,søkrige
s'llede,søllede
s'lvblå,sølvblå
s'lvdyr,sølvdyr
s'lvfad,sølvfad
s'lvgrå,sølvgrå
s'lvkræ,sølvkræ
s'lvpil,sølvpil
s'lvræv,sølvræv
s'lvske,sølvske
s'lvt'j,sølvtøj
s'lvt'j,sølvtøj
s'lvåre,sølvåre
s'l'ven,søløven
s'l'ven,søløven
s'l'ver,søløver
s'l'ver,søløver
s'milen,sømilen
s'minen,søminen
s'miner,søminer
s'ml'se,sømløse
s'ml'se,sømløse
s'ml'st,sømløst
s'ml'st,sømløst
s'mmede,sømmede
s'mmene,sømmene
s'mærke,sømærke
s'ndage,søndage
s'ndrer,søndrer
s'ndret,søndret
s'nlige,sønlige
s'nligt,sønligt
s'nnich,sønnich
s'nnike,sønnike
s'p'lse,søpølse
s'p'lse,søpølse
s'rejse,sørejse
s'rgede,sørgede
s'rinus,sørinus
s'r'ver,sørøver
s'r'ver,sørøver
s'satte,søsatte
s'siden,søsiden
s'sport,søsport
s'sters,søsters
s'stærk,søstærk
s'sygen,søsygen
s'sætte,søsætte
s'tunge,søtunge
s'uhyre,søuhyre
s'ulken,søulken
s'vante,søvante
s'vejen,søvejen
s'vnige,søvnige
s'vnigt,søvnigt
s'vnl's,søvnløs
s'vnl's,søvnløs
s'værts,søværts
t-r'ret,t-røret
taktl's,taktløs
taler'r,talerør
tall'se,talløse
tall'st,talløst
tandk'd,tandkød
tandl's,tandløs
tapl'be,tapløbe
tatov'r,tatovør
tideb'n,tidebøn
tidl'se,tidløse
tidl'st,tidløst
tidsl's,tidsløs
tidsn'd,tidsnød
tilfl'd,tilflød
tilf'je,tilføje
tilf're,tilføre
tilf'rt,tilført
tilh're,tilhøre
tilh'rt,tilhørt
tilk'be,tilkøbe
tilk'bt,tilkøbt
tilk're,tilkøre
tilk'rt,tilkørt
tils'le,tilsøle
timel'n,timeløn
tj'rnen,tjørnen
toned'v,tonedøv
tonek'n,tonekøn
tonl'se,tonløse
tonl'st,tonløst
topl'se,topløse
topl'st,topløst
topm'de,topmøde
tornl's,tornløs
trakt'r,traktør
travl'b,travløb
trinl's,trinløs
tri'ren,triøren
tri'rer,triører
trol'se,troløse
trol'st,troløst
træd're,trædøre
trækt'j,træktøj
træl'se,træløse
træl'st,træløst
tr'ffel,trøffel
tr'flen,trøflen
tr'fler,trøfler
tr'sken,trøsken
tr'sket,trøsket
tr'sten,trøsten
tr'ster,trøster
tr'stet,trøstet
tr'stig,trøstig
trådl's,trådløs
tungh'r,tunghør
tændr'r,tændrør
t'ffede,tøffede
t'flede,tøflede
t'jbylt,tøjbylt
t'jerne,tøjerne
t'jhund,tøjhund
t'jkurv,tøjkurv
t'jlede,tøjlede
t'jrede,tøjrede
t'jring,tøjring
t'jsmag,tøjsmag
t'jsnor,tøjsnor
t'jstil,tøjstil
t'lpere,tølpere
t'mning,tømning
t'mrede,tømrede
t'mrere,tømrere
t'rfisk,tørfisk
t'risen,tørisen
t'rkage,tørkage
t'rkost,tørkost
t'rlagt,tørlagt
t'rlast,tørlast
t'rmælk,tørmælk
t'rnede,tørnede
t'rnene,tørnene
t'rrede,tørrede
t'rrere,tørrere
t'rreri,tørreri
t'rrest,tørrest
t'rring,tørring
t'rsten,tørsten
t'rster,tørster
t'rstet,tørstet
t'rstig,tørstig
t'rstof,tørstof
t'rvejr,tørvejr
t'rvene,tørvene
t'serne,tøserne
t'sneen,tøsneen
t'vende,tøvende
tårel's,tåreløs
tårnh'j,tårnhøj
u-r'ret,u-røret
uans'gt,uansøgt
uber'rt,uberørt
ub'jede,ubøjede
udbl'de,udbløde
udbl'dt,udblødt
udf'rer,udfører
udf'rte,udførte
udgl'de,udgløde
udk'rte,udkørte
udl'ber,udløber
udl'bet,udløbet
udl'ser,udløser
udl'ste,udløste
udm'nte,udmønte
udp'nse,udpønse
udr'mme,udrømme
udr'rer,udrører
udr'rte,udrørte
udst'be,udstøbe
udst'bt,udstøbt
udst'de,udstøde
udst'dt,udstødt
uds'ger,udsøger
uds'gte,udsøgte
udt'mme,udtømme
udt'mte,udtømte
udt'rre,udtørre
ud'rken,udørken
ud'vede,udøvede
ud'vere,udøvere
uf'lsom,ufølsom
ug'rlig,ugørlig
uh'flig,uhøflig
uh'rlig,uhørlig
uh'visk,uhøvisk
uk'nnet,ukønnet
ulcer's,ulcerøs
ulver'n,ulverøn
ulvsr'n,ulvsrøn
ul'nnet,ulønnet
undl'be,undløbe
ungm'en,ungmøen
ungm'er,ungmøer
un'dige,unødige
un'digt,unødigt
upl'jet,upløjet
upr'vet,uprøvet
urh'nen,urhønen
urinr'r,urinrør
urin'se,urinøse
urin'st,urinøst
urm'dre,urmødre
urn'gle,urnøgle
ur'rlig,urørlig
useri's,useriøs
usk'nne,uskønne
us'dede,usødede
ut'jlet,utøjlet
u'nsket,uønsket
val'ren,valøren
val'rer,valører
vandl'b,vandløb
vandr'r,vandrør
vanf're,vanføre
vanf'rt,vanført
vanl'se,vanløse
vanr'gt,vanrøgt
vapor's,vaporøs
vedf'je,vedføje
vedr're,vedrøre
vedr'rt,vedrørt
vejh'vl,vejhøvl
vidl'se,vidløse
vidl'st,vidløst
vig'ren,vigøren
vindf'r,vindfør
vindt'r,vindtør
vinh'st,vinhøst
vinr'de,vinrøde
vinr'dt,vinrødt
visk'se,viskøse
visk'st,viskøst
vm-s'lv,vm-sølv
vr'vler,vrøvler
vr'vlet,vrøvlet
vulkan',vulkanø
vægtl's,vægtløs
værkt'j,værktøj
værl'se,værløse
v'lvers,vølvers
vårgr'n,vårgrøn
yderd'r,yderdør
æggel'b,æggeløb
ærb'dig,ærbødig
ærel'se,æreløse
ærel'st,æreløst
ærmel's,ærmeløs
ær'boen,ærøboen
ær'boer,ærøboer
æself'l,æselføl
æsel're,æseløre
boerne,øboerne
degård,ødegård
delagt,ødelagt
deland,ødeland
demark,ødemark
dipale,ødipale
dipalt,ødipalt
dslede,ødslede
fgrise,øfgrise
genavn,øgenavn
glerne,øglerne
gruppe,øgruppe
havene,øhavene
jeblik,øjeblik
jebolt,øjebolt
jeglas,øjeglas
jehule,øjehule
jekast,øjekast
jenhår,øjenhår
jenlåg,øjenlåg
jesten,øjesten
jeæble,øjeæble
kofobi,økofobi
kogris,økogris
kologi,økologi
komælk,økomælk
konoma,økonoma
konomi,økonomi
kotype,økotype
kovare,økovare
ksehug,øksehug
kserne,økserne
kuller,økuller
kumeni,økumeni
lanker,ølanker
lankre,ølankre
ldepot,øldepot
ldåsen,øldåsen
ldåser,øldåser
lejren,ølejren
lgæren,ølgæren
lhunde,ølhunde
lkasse,ølkasse
lkuske,ølkuske
lmaven,ølmaven
lmaver,ølmaver
ltelte,øltelte
lvogne,ølvogne
lvomme,ølvomme
mbenet,ømbenet
mheden,ømheden
mheder,ømheder
mtålig,ømtålig
nologi,ønologi
nskede,ønskede
reflip,øreflip
regang,øregang
reklap,øreklap
relæge,ørelæge
rel'se,øreløse
rel'se,øreløse
rel'st,øreløst
rel'st,øreløst
renhår,ørenhår
renlyd,ørenlyd
repine,ørepine
reprop,øreprop
rering,ørering
restik,ørestik
resund,øresund
retæve,øretæve
revoks,ørevoks
rkenen,ørkenen
rkener,ørkener
rneklo,ørneklo
rnenæb,ørnenæb
rreden,ørreden
rreder,ørreder
sregne,øsregne
staten,østaten
stater,østater
stblok,østblok
stende,østende
stenom,østenom
sterud,østerud
stfl'j,østfløj
stfl'j,østfløj
stjyde,østjyde
stjysk,østjysk
stkyst,østkyst
stland,østland
stlige,østlige
stligt,østligt
stmagt,østmagt
stover,østover
striol,østriol
stside,østside
sttysk,østtysk
velsen,øvelsen
velser,øvelser
verlig,øverlig
verste,øverste
aabj'rn,aabjørn
ål'bene,åløbene
åndel's,åndeløs
ånden'd,åndenød
åndl'se,åndløse
åndl'st,åndløst
årb'ger,årbøger
årsk'er,årskøer
årsm'de,årsmøde